year,unit,section,bucks,does,fawns,total_harvest,total_hunters,pct_success,rec_days
2021,2,all,39,0,0,39,49,80,231
2021,201,all,46,0,0,46,54,85,204
2021,3,all,1398,419,42,1859,2614,71,8959
2021,301,all,712,153,16,881,1433,61,4480
2021,4,all,674,341,14,1029,1629,63,6392
2021,441,all,216,28,0,244,457,53,1834
2021,5,all,162,72,2,236,435,54,1911
2021,6,all,83,0,0,83,179,46,788
2021,7,all,70,94,6,170,1037,16,5433
2021,8,all,144,86,0,230,1157,20,5462
2021,9,all,56,60,0,116,246,47,1344
2021,10,all,59,0,0,59,61,97,298
2021,11,all,736,235,25,996,1611,62,6257
2021,211,all,511,183,8,702,1090,64,3852
2021,12,all,383,89,6,478,1183,40,5541
2021,13,all,220,34,6,260,571,46,2222
2021,131,all,10,1,0,11,85,13,422
2021,231,all,21,17,0,38,150,25,957
2021,14,all,25,26,0,51,280,18,1377
2021,214,all,14,20,2,36,155,23,641
2021,15,all,315,102,4,421,1284,33,6608
2021,16,all,21,0,0,21,136,15,622
2021,161,all,118,0,0,118,203,58,946
2021,17,all,39,0,0,39,113,35,595
2021,171,all,52,0,0,52,110,47,499
2021,18,all,361,208,28,597,2696,22,10535
2021,181,all,168,58,0,226,940,24,3806
2021,19,all,206,118,4,328,931,35,3188
2021,191,all,418,113,5,536,1365,39,4789
2021,20,all,585,244,29,858,1793,48,10887
2021,21,all,359,0,0,359,442,81,2013
2021,22,all,550,349,30,929,1276,73,5126
2021,23,all,389,83,9,481,1195,40,5336
2021,24,all,33,6,3,42,424,10,2105
2021,25,all,300,39,0,339,908,37,4636
2021,26,all,166,27,0,193,558,35,2363
2021,27,all,182,70,13,265,1019,26,3806
2021,28,all,196,195,11,402,2326,17,9457
2021,29,all,156,75,10,241,961,25,4858
2021,30,all,139,21,0,160,261,61,1317
2021,31,all,305,18,0,323,546,59,2392
2021,33,all,413,79,5,497,1277,39,6516
2021,34,all,100,23,7,130,680,19,3366
2021,35,all,267,60,8,335,960,35,4044
2021,36,all,372,54,0,426,941,45,3721
2021,361,all,81,6,0,87,240,36,1068
2021,37,all,308,145,18,471,1628,29,6848
2021,371,all,24,0,0,24,523,5,2254
2021,38,all,146,75,0,221,1134,19,5850
2021,39,all,133,74,2,209,643,33,3132
2021,391,all,101,43,0,144,361,40,2535
2021,40,all,286,0,1,287,396,72,1869
2021,41,all,355,43,0,398,788,51,3832
2021,411,all,102,58,0,160,300,53,1343
2021,42,all,379,2,5,386,692,56,2899
2021,421,all,348,41,4,393,795,49,3726
2021,43,all,294,45,4,343,830,41,4109
2021,44,all,109,39,0,148,269,55,1416
2021,444,all,237,61,0,298,638,47,3112
2021,45,all,76,29,0,105,312,34,1503
2021,46,all,120,58,5,183,424,43,2002
2021,461,all,111,36,0,147,369,40,3511
2021,47,all,74,6,0,80,211,38,1125
2021,471,all,23,4,0,27,89,30,570
2021,48,all,50,9,0,59,264,22,1246
2021,481,all,101,39,0,140,344,41,1622
2021,49,all,334,40,0,374,716,52,3006
2021,50,all,84,0,0,84,304,28,1359
2021,500,all,14,5,0,19,147,13,784
2021,501,all,222,91,8,321,565,57,2394
2021,51,all,219,47,5,271,502,54,2618
2021,511,all,238,122,3,363,556,65,2208
2021,512,all,15,10,0,25,28,89,32
2021,52,all,283,65,0,348,745,47,3357
2021,521,all,156,1,0,157,378,42,1915
2021,53,all,212,22,0,234,332,70,1700
2021,54,all,309,0,0,309,510,61,2799
2021,55,all,246,162,6,414,672,62,3227
2021,551,all,166,91,0,257,421,61,2080
2021,56,all,77,12,0,89,265,34,1265
2021,561,all,50,0,0,50,143,35,682
2021,57,all,77,41,0,118,297,40,922
2021,581,all,198,50,0,248,518,48,1898
2021,59,all,48,2,2,52,156,33,748
2021,591,all,72,40,0,112,197,57,1795
2021,60,all,104,4,0,108,208,52,1033
2021,61,all,100,0,0,100,227,44,1381
2021,62,all,604,59,0,663,1271,52,6018
2021,63,all,247,14,0,261,345,76,1558
2021,64,all,209,11,0,220,386,57,1890
2021,65,all,397,17,0,414,741,56,3315
2021,66,all,271,96,5,372,493,75,2213
2021,67,all,226,94,9,329,513,64,2698
2021,68,all,218,2,0,220,463,48,2370
2021,681,all,134,10,1,145,369,39,1714
2021,682,all,6,0,0,6,13,46,54
2021,69,all,427,98,3,528,980,54,4122
2021,691,all,15,16,0,31,78,40,196
2021,70,all,719,9,0,728,1232,59,6656
2021,71,all,186,0,0,186,476,39,2247
2021,711,all,445,2,0,447,728,61,3217
2021,72,all,375,23,0,398,654,61,2719
2021,73,all,263,10,0,273,517,53,2388
2021,74,all,148,0,0,148,384,39,2111
2021,741,all,219,27,1,247,464,53,2157
2021,75,all,419,73,0,492,1071,46,5333
2021,751,all,268,23,0,291,763,38,3321
2021,76,all,43,0,0,43,84,51,475
2021,77,all,341,21,5,367,926,40,4785
2021,771,all,311,53,0,364,517,70,1825
2021,78,all,313,15,0,328,845,39,4301
2021,79,all,189,24,3,216,279,77,1319
2021,791,all,2,6,0,8,18,44,406
2021,80,all,323,1,0,324,599,54,2554
2021,81,all,142,18,0,160,472,34,2506
2021,82,all,158,0,0,158,390,41,1875
2021,83,all,83,42,0,125,142,88,405
2021,84,all,335,158,0,493,1088,45,4353
2021,85,all,320,59,0,379,772,49,4076
2021,851,all,68,3,0,71,139,51,739
2021,86,all,113,31,0,144,420,34,1876
2021,861,all,18,2,0,20,53,38,219
2021,87,all,83,61,15,159,644,25,3441
2021,89,all,79,38,5,122,236,52,720
2021,90,all,13,10,0,23,65,35,211
2021,91,all,54,53,14,121,377,32,1601
2021,92,all,53,44,4,101,347,29,1523
2021,93,all,99,78,18,195,528,37,2908
2021,94,all,60,36,6,102,255,40,1709
2021,95,all,45,62,0,107,268,40,1028
2021,951,all,96,36,12,144,286,50,1168
2021,96,all,123,136,21,280,736,38,4244
2021,97,all,34,15,8,57,86,66,250
2021,98,all,179,110,2,291,434,67,1669
2021,99,all,95,106,0,201,467,43,2379
2021,100,all,63,37,5,105,189,56,693
2021,101,all,107,49,7,163,435,37,2325
2021,102,all,131,75,6,212,436,49,2000
2021,103,all,54,79,13,146,404,36,1606
2021,104,all,214,322,31,567,1124,50,10708
2021,105,all,271,148,20,439,869,51,4411
2021,106,all,51,9,0,60,148,41,598
2021,107,all,138,71,3,212,477,44,1474
2021,109,all,148,58,3,209,494,42,2469
2021,110,all,134,42,4,180,363,50,2123
2021,111,all,60,13,5,78,128,61,321
2021,112,all,42,0,3,45,116,39,616
2021,113,all,17,0,0,17,114,15,360
2021,114,all,31,23,0,54,111,49,300
2021,115,all,26,12,0,38,70,54,202
2021,116,all,87,37,4,128,336,38,1539
2021,117,all,48,13,0,61,150,41,595
2021,118,all,35,11,3,49,104,47,460
2021,119,all,24,21,0,45,173,26,701
2021,120,all,30,11,0,41,79,52,180
2021,121,all,28,26,0,54,131,41,482
2021,122,all,91,36,5,132,240,55,1243
2021,123,all,73,7,0,80,162,49,1108
2021,124,all,50,20,0,70,122,57,544
2021,125,all,30,29,0,59,206,29,1194
2021,126,all,30,29,6,65,229,28,976
2021,127,all,56,59,6,121,285,42,1234
2021,128,all,24,18,0,42,187,22,1579
2021,129,all,34,29,0,63,146,43,568
2021,132,all,40,26,4,70,162,43,537
2021,133,all,6,0,0,6,27,22,36
2021,134,all,47,10,0,57,63,90,322
2021,135,all,17,29,2,48,111,43,706
2021,136,all,82,18,0,100,191,52,648
2021,137,all,23,3,0,26,70,37,365
2021,138,all,19,0,0,19,42,45,196
2021,139,all,67,16,3,86,164,52,765
2021,140,all,88,6,0,94,222,42,1071
2021,141,all,11,20,0,31,48,65,163
2021,142,all,28,18,4,50,84,60,499
2021,143,all,38,4,0,42,93,45,402
2021,144,all,55,28,1,84,196,43,826
2021,145,all,23,6,1,30,106,28,365
2021,146,all,61,15,2,78,189,41,1168
2021,147,all,12,5,2,19,60,32,158
2021,2,rifle_all,28,0,0,28,35,80,156
2021,201,rifle_all,38,0,0,38,38,100,108
2021,3,rifle_all,1368,407,42,1817,2545,71,8787
2021,301,rifle_all,686,150,16,852,1368,62,4210
2021,4,rifle_all,650,329,14,993,1491,67,5512
2021,441,rifle_all,216,28,0,244,396,62,1456
2021,5,rifle_all,126,37,2,165,275,60,995
2021,6,rifle_all,76,0,0,76,110,69,385
2021,7,rifle_all,32,25,6,63,513,12,2030
2021,8,rifle_all,69,39,0,108,633,17,2358
2021,9,rifle_all,56,41,0,97,164,59,1034
2021,10,rifle_all,52,0,0,52,52,100,250
2021,11,rifle_all,729,235,25,989,1555,64,5951
2021,211,rifle_all,502,183,8,693,1046,66,3657
2021,12,rifle_all,363,78,3,444,1051,42,4704
2021,13,rifle_all,211,30,6,247,547,45,2080
2021,131,rifle_all,10,1,0,11,54,20,202
2021,231,rifle_all,13,3,0,16,81,20,390
2021,14,rifle_all,12,0,0,12,151,8,439
2021,214,rifle_all,1,14,2,17,91,19,269
2021,15,rifle_all,295,75,4,374,1016,37,4813
2021,16,rifle_all,21,0,0,21,113,19,461
2021,161,rifle_all,85,0,0,85,125,68,505
2021,17,rifle_all,35,0,0,35,74,47,341
2021,171,rifle_all,44,0,0,44,86,51,420
2021,18,rifle_all,308,176,28,512,2166,24,7836
2021,181,rifle_all,157,58,0,215,765,28,2641
2021,19,rifle_all,188,81,4,273,670,41,2041
2021,191,rifle_all,409,99,5,513,1062,48,3346
2021,20,rifle_all,563,227,29,819,1515,54,9136
2021,21,rifle_all,331,0,0,331,377,88,1630
2021,22,rifle_all,532,349,30,911,1204,76,4624
2021,23,rifle_all,350,52,9,411,930,44,3796
2021,24,rifle_all,25,6,0,31,285,11,1183
2021,25,rifle_all,290,39,0,329,764,43,3652
2021,26,rifle_all,161,25,0,186,464,40,1919
2021,27,rifle_all,129,50,13,192,711,27,2217
2021,28,rifle_all,168,136,11,315,1771,18,6150
2021,29,rifle_all,136,57,10,203,751,27,3519
2021,30,rifle_all,120,15,0,135,171,79,664
2021,31,rifle_all,245,0,0,245,404,61,1523
2021,33,rifle_all,369,74,0,443,1018,44,4893
2021,34,rifle_all,97,17,7,121,512,24,2288
2021,35,rifle_all,246,27,8,281,786,36,2991
2021,36,rifle_all,347,35,0,382,790,48,2790
2021,361,rifle_all,75,0,0,75,210,36,806
2021,37,rifle_all,220,127,18,365,1191,31,3893
2021,371,rifle_all,15,0,0,15,312,5,1156
2021,38,rifle_all,132,72,0,204,927,22,4311
2021,39,rifle_all,115,48,2,165,384,43,1482
2021,391,rifle_all,91,39,0,130,301,43,2110
2021,40,rifle_all,223,0,1,224,292,77,1180
2021,41,rifle_all,275,27,0,302,527,57,2170
2021,411,rifle_all,92,58,0,150,277,54,1185
2021,42,rifle_all,357,2,5,364,592,61,2222
2021,421,rifle_all,318,9,0,327,582,56,2214
2021,43,rifle_all,253,32,4,289,566,51,2412
2021,44,rifle_all,83,23,0,106,161,66,737
2021,444,rifle_all,196,45,0,241,468,51,1938
2021,45,rifle_all,53,14,0,67,212,32,841
2021,46,rifle_all,96,38,5,139,288,48,1294
2021,461,rifle_all,101,34,0,135,320,42,3201
2021,47,rifle_all,69,2,0,71,150,47,654
2021,471,rifle_all,19,0,0,19,40,48,164
2021,48,rifle_all,39,6,0,45,162,28,595
2021,481,rifle_all,94,39,0,133,233,57,854
2021,49,rifle_all,316,32,0,348,528,66,1844
2021,50,rifle_all,79,0,0,79,193,41,688
2021,500,rifle_all,5,0,0,5,53,9,221
2021,501,rifle_all,181,78,8,267,415,64,1465
2021,51,rifle_all,187,19,5,211,344,61,1714
2021,511,rifle_all,177,108,3,288,387,74,1220
2021,512,rifle_all,15,10,0,25,28,89,32
2021,52,rifle_all,274,65,0,339,679,50,3001
2021,521,rifle_all,136,1,0,137,300,46,1337
2021,53,rifle_all,197,22,0,219,270,81,1234
2021,54,rifle_all,300,0,0,300,420,71,2077
2021,55,rifle_all,215,162,6,383,565,68,2508
2021,551,rifle_all,137,91,0,228,337,68,1595
2021,56,rifle_all,68,9,0,77,193,40,799
2021,561,rifle_all,43,0,0,43,105,41,390
2021,57,rifle_all,73,39,0,112,256,44,747
2021,581,rifle_all,177,48,0,225,427,53,1572
2021,59,rifle_all,27,0,0,27,96,28,410
2021,591,rifle_all,72,40,0,112,194,58,1769
2021,60,rifle_all,94,4,0,98,166,59,698
2021,61,rifle_all,84,0,0,84,162,52,775
2021,62,rifle_all,563,59,0,622,1047,59,4397
2021,63,rifle_all,214,14,0,228,284,80,1191
2021,64,rifle_all,198,11,0,209,352,59,1672
2021,65,rifle_all,352,17,0,369,614,60,2391
2021,66,rifle_all,214,96,5,315,375,84,1447
2021,67,rifle_all,188,94,9,291,405,72,1799
2021,68,rifle_all,186,2,0,188,363,52,1684
2021,681,rifle_all,104,10,1,115,263,44,1110
2021,682,rifle_all,4,0,0,4,8,50,35
2021,69,rifle_all,341,86,3,430,755,57,2952
2021,691,rifle_all,10,16,0,26,63,41,145
2021,70,rifle_all,674,9,0,683,1043,65,5022
2021,71,rifle_all,162,0,0,162,355,46,1331
2021,711,rifle_all,420,2,0,422,643,66,2749
2021,72,rifle_all,328,23,0,351,548,64,2111
2021,73,rifle_all,225,10,0,235,406,58,1497
2021,74,rifle_all,96,0,0,96,205,47,818
2021,741,rifle_all,201,27,1,229,388,59,1640
2021,75,rifle_all,334,59,0,393,754,52,3024
2021,751,rifle_all,248,23,0,271,590,46,2318
2021,76,rifle_all,22,0,0,22,41,54,173
2021,77,rifle_all,287,10,5,302,697,43,3044
2021,771,rifle_all,311,53,0,364,498,73,1696
2021,78,rifle_all,218,2,0,220,594,37,2507
2021,79,rifle_all,179,24,3,206,259,80,1183
2021,791,rifle_all,0,6,0,6,16,38,394
2021,80,rifle_all,268,1,0,269,389,69,1451
2021,81,rifle_all,97,18,0,115,264,44,1083
2021,82,rifle_all,135,0,0,135,294,46,1339
2021,83,rifle_all,77,42,0,119,131,91,355
2021,84,rifle_all,313,151,0,464,957,48,3489
2021,85,rifle_all,277,59,0,336,645,52,3161
2021,851,rifle_all,58,3,0,61,106,58,413
2021,86,rifle_all,102,27,0,129,307,42,1314
2021,861,rifle_all,18,2,0,20,43,47,149
2021,87,rifle_all,83,61,15,159,622,26,3290
2021,89,rifle_all,65,36,5,106,193,55,579
2021,90,rifle_all,13,10,0,23,52,44,156
2021,91,rifle_all,34,45,12,91,285,32,958
2021,92,rifle_all,32,40,4,76,251,30,993
2021,93,rifle_all,86,76,18,180,489,37,2738
2021,94,rifle_all,42,33,3,78,162,48,729
2021,95,rifle_all,41,62,0,103,233,44,893
2021,951,rifle_all,85,21,9,115,212,54,732
2021,96,rifle_all,94,121,21,236,581,41,3143
2021,97,rifle_all,26,15,8,49,71,69,172
2021,98,rifle_all,157,108,2,267,371,72,1282
2021,99,rifle_all,81,101,0,182,381,48,1707
2021,100,rifle_all,55,35,5,95,162,59,506
2021,101,rifle_all,96,49,7,152,367,41,1883
2021,102,rifle_all,94,72,4,170,327,52,1237
2021,103,rifle_all,31,72,7,110,294,37,1034
2021,104,rifle_all,109,309,31,449,791,57,7297
2021,105,rifle_all,237,128,9,374,664,56,2314
2021,106,rifle_all,42,7,0,49,106,46,385
2021,107,rifle_all,127,62,3,192,416,46,1267
2021,109,rifle_all,129,45,3,177,370,48,1508
2021,110,rifle_all,65,24,4,93,144,65,587
2021,111,rifle_all,44,11,5,60,93,65,255
2021,112,rifle_all,29,0,3,32,66,48,208
2021,113,rifle_all,17,0,0,17,79,22,199
2021,114,rifle_all,28,23,0,51,108,47,284
2021,115,rifle_all,20,12,0,32,57,56,145
2021,116,rifle_all,76,33,4,113,273,41,1013
2021,117,rifle_all,42,13,0,55,129,43,471
2021,118,rifle_all,25,11,3,39,74,53,267
2021,119,rifle_all,15,18,0,33,83,40,248
2021,120,rifle_all,30,11,0,41,66,62,131
2021,121,rifle_all,17,23,0,40,93,43,309
2021,122,rifle_all,65,33,3,101,137,74,478
2021,123,rifle_all,43,5,0,48,78,62,280
2021,124,rifle_all,47,17,0,64,91,70,344
2021,125,rifle_all,15,26,0,41,120,34,451
2021,126,rifle_all,30,29,6,65,156,42,627
2021,127,rifle_all,46,39,6,91,176,52,661
2021,128,rifle_all,16,15,0,31,93,33,357
2021,129,rifle_all,28,26,0,54,105,51,408
2021,132,rifle_all,33,21,4,58,111,52,382
2021,133,rifle_all,6,0,0,6,17,35,17
2021,134,rifle_all,31,8,0,39,43,91,182
2021,135,rifle_all,10,20,0,30,74,41,287
2021,136,rifle_all,79,18,0,97,157,62,508
2021,137,rifle_all,23,3,0,26,64,41,248
2021,138,rifle_all,19,0,0,19,40,48,187
2021,139,rifle_all,54,14,3,71,115,62,429
2021,140,rifle_all,63,6,0,69,161,43,598
2021,141,rifle_all,11,17,0,28,41,68,124
2021,142,rifle_all,20,14,0,34,34,100,134
2021,143,rifle_all,36,2,0,38,78,49,353
2021,144,rifle_all,41,22,1,64,147,44,584
2021,145,rifle_all,20,6,1,27,87,31,277
2021,146,rifle_all,36,10,2,48,83,58,329
2021,147,rifle_all,10,3,2,15,44,34,113
2021,7,rifle_high_country,2,0,0,2,7,29,34
2021,12,rifle_high_country,2,0,0,2,3,67,15
2021,231,rifle_high_country,0,0,0,0,5,0,24
2021,14,rifle_high_country,7,0,0,7,16,44,51
2021,16,rifle_high_country,16,0,0,16,72,22,264
2021,161,rifle_high_country,38,0,0,38,52,73,174
2021,17,rifle_high_country,21,0,0,21,38,55,122
2021,171,rifle_high_country,20,0,0,20,39,51,148
2021,24,rifle_high_country,2,0,0,2,2,100,5
2021,25,rifle_high_country,0,0,0,0,2,0,3
2021,36,rifle_high_country,0,0,0,0,9,0,48
2021,43,rifle_high_country,13,0,0,13,36,36,154
2021,44,rifle_high_country,0,0,0,0,8,0,30
2021,444,rifle_high_country,0,0,0,0,7,0,24
2021,45,rifle_high_country,0,0,0,0,13,0,72
2021,47,rifle_high_country,7,0,0,7,35,20,196
2021,471,rifle_high_country,14,0,0,14,35,40,143
2021,48,rifle_high_country,2,0,0,2,18,11,97
2021,481,rifle_high_country,4,0,0,4,4,100,9
2021,56,rifle_high_country,0,0,0,0,2,0,2
2021,65,rifle_high_country,7,0,0,7,25,28,112
2021,74,rifle_high_country,24,0,0,24,33,73,115
2021,82,rifle_high_country,14,0,0,14,22,64,56
2021,86,rifle_high_country,11,0,0,11,24,46,102
2021,87,rifle_plains,32,20,0,52,174,30,699
2021,88,rifle_plains,70,27,0,97,183,53,635
2021,89,rifle_plains,65,36,5,106,193,55,579
2021,90,rifle_plains,13,10,0,23,52,44,156
2021,91,rifle_plains,34,15,7,56,189,30,652
2021,92,rifle_plains,32,18,0,50,181,28,667
2021,93,rifle_plains,46,22,6,74,92,80,246
2021,94,rifle_plains,42,33,3,78,162,48,729
2021,95,rifle_plains,41,53,0,94,221,43,858
2021,951,rifle_plains,85,21,9,115,212,54,732
2021,96,rifle_plains,94,41,7,142,333,43,1465
2021,97,rifle_plains,26,15,8,49,71,69,172
2021,98,rifle_plains,157,105,0,262,366,72,1267
2021,99,rifle_plains,81,90,0,171,352,49,1635
2021,100,rifle_plains,55,35,5,95,162,59,506
2021,101,rifle_plains,48,21,0,69,120,58,493
2021,102,rifle_plains,94,63,3,160,315,51,1207
2021,103,rifle_plains,30,67,7,104,283,37,994
2021,104,rifle_plains,91,31,4,126,266,47,992
2021,105,rifle_plains,226,112,9,347,555,63,1883
2021,106,rifle_plains,42,0,0,42,81,52,313
2021,107,rifle_plains,101,35,0,136,241,56,737
2021,109,rifle_plains,100,37,0,137,202,68,781
2021,110,rifle_plains,50,24,4,78,115,68,437
2021,111,rifle_plains,37,9,0,46,69,67,192
2021,112,rifle_plains,23,0,3,26,45,58,157
2021,113,rifle_plains,17,0,0,17,47,36,112
2021,114,rifle_plains,28,18,0,46,92,50,250
2021,115,rifle_plains,20,12,0,32,49,65,121
2021,116,rifle_plains,46,14,0,60,146,41,532
2021,117,rifle_plains,42,5,0,47,89,53,315
2021,118,rifle_plains,25,9,3,37,68,54,237
2021,119,rifle_plains,15,7,0,22,62,35,202
2021,120,rifle_plains,30,11,0,41,49,84,97
2021,121,rifle_plains,11,17,0,28,67,42,212
2021,122,rifle_plains,52,23,0,75,90,83,323
2021,123,rifle_plains,38,3,0,41,66,62,251
2021,124,rifle_plains,39,17,0,56,83,67,318
2021,125,rifle_plains,15,2,0,17,36,47,171
2021,126,rifle_plains,22,23,2,47,98,48,455
2021,127,rifle_plains,35,29,3,67,124,54,426
2021,129,rifle_plains,16,11,0,27,60,45,226
2021,130,rifle_plains,15,4,0,19,62,31,229
2021,132,rifle_plains,16,11,0,27,72,38,277
2021,133,rifle_plains,6,0,0,6,16,38,16
2021,134,rifle_plains,24,0,0,24,28,86,153
2021,135,rifle_plains,10,9,0,19,44,43,191
2021,136,rifle_plains,43,0,0,43,75,57,324
2021,137,rifle_plains,23,3,0,26,59,44,216
2021,138,rifle_plains,19,0,0,19,37,51,164
2021,139,rifle_plains,40,9,3,52,75,69,286
2021,141,rifle_plains,11,14,0,25,35,71,116
2021,142,rifle_plains,20,14,0,34,34,100,134
2021,143,rifle_plains,15,2,0,17,38,45,163
2021,144,rifle_plains,14,20,1,35,64,55,231
2021,145,rifle_plains,10,6,1,17,44,39,152
2021,146,rifle_plains,26,0,2,28,43,65,173
2021,147,rifle_plains,7,2,2,11,31,35,90
2021,301,ranching,35,25,1,61,78,78,195
2021,4,ranching,67,28,0,95,106,90,216
2021,441,ranching,15,2,0,17,19,89,45
2021,5,ranching,47,20,0,67,77,87,132
2021,6,ranching,3,0,0,3,4,75,14
2021,10,ranching,2,0,0,2,2,100,6
2021,11,ranching,9,4,0,13,18,72,25
2021,211,ranching,31,6,0,37,38,97,98
2021,12,ranching,7,2,0,9,11,82,16
2021,214,ranching,1,5,2,8,8,100,24
2021,23,ranching,13,3,0,16,16,100,39
2021,25,ranching,28,13,0,41,63,65,156
2021,40,ranching,9,0,0,9,16,56,84
2021,83,ranching,28,28,0,56,59,95,123
2021,85,ranching,1,0,0,1,2,50,10
2021,851,ranching,11,0,0,11,13,85,46
2021,104,ranching,9,8,0,17,19,89,48
2021,136,ranching,36,15,0,51,69,74,141
2021,140,ranching,7,6,0,13,17,76,63
2021,6,early_late,1,0,0,1,7,14,36
2021,7,early_late,2,0,0,2,7,29,34
2021,9,early_late,56,32,0,88,142,62,985
2021,12,early_late,2,0,0,2,3,67,15
2021,231,early_late,0,0,0,0,5,0,24
2021,14,early_late,7,0,0,7,16,44,51
2021,16,early_late,2,0,0,2,35,6,145
2021,161,early_late,5,0,0,5,8,63,32
2021,19,early_late,0,31,4,35,38,92,96
2021,191,early_late,0,36,0,36,86,42,211
2021,20,early_late,352,211,29,592,1036,57,7503
2021,24,early_late,2,0,0,2,2,100,5
2021,25,early_late,0,0,0,0,2,0,3
2021,29,early_late,42,30,0,72,224,32,1784
2021,33,early_late,0,8,0,8,24,33,140
2021,36,early_late,0,0,0,0,9,0,48
2021,38,early_late,70,52,0,122,504,24,2864
2021,39,early_late,0,31,0,31,71,44,376
2021,391,early_late,91,39,0,130,301,43,2110
2021,411,early_late,5,55,0,60,114,53,605
2021,43,early_late,13,0,0,13,36,36,154
2021,44,early_late,0,0,0,0,8,0,30
2021,444,early_late,0,0,0,0,7,0,24
2021,45,early_late,0,0,0,0,13,0,72
2021,46,early_late,0,24,0,24,39,62,337
2021,461,early_late,100,34,0,134,314,43,3189
2021,47,early_late,7,0,0,7,35,20,196
2021,471,early_late,14,0,0,14,35,40,143
2021,48,early_late,2,6,0,8,46,17,182
2021,481,early_late,4,10,0,14,25,56,132
2021,51,early_late,50,19,5,74,142,52,1041
2021,511,early_late,0,0,0,0,11,0,61
2021,52,early_late,0,65,0,65,155,42,1127
2021,53,early_late,0,22,0,22,26,85,374
2021,56,early_late,0,0,0,0,2,0,2
2021,581,early_late,0,0,0,0,11,0,30
2021,59,early_late,0,0,0,0,33,0,160
2021,591,early_late,72,40,0,112,194,58,1769
2021,62,early_late,33,5,0,38,84,45,293
2021,63,early_late,0,14,0,14,32,44,196
2021,64,early_late,4,4,0,8,12,67,70
2021,65,early_late,15,12,0,27,45,60,210
2021,69,early_late,6,14,3,23,52,44,455
2021,691,early_late,0,0,0,0,6,0,11
2021,72,early_late,0,23,0,23,30,77,174
2021,73,early_late,0,10,0,10,13,77,30
2021,74,early_late,24,0,0,24,33,73,115
2021,75,early_late,0,32,0,32,62,52,263
2021,751,early_late,0,16,0,16,32,50,151
2021,77,early_late,0,0,3,3,25,12,91
2021,771,early_late,0,47,0,47,47,100,113
2021,79,early_late,0,19,3,22,38,58,338
2021,791,early_late,0,6,0,6,16,38,394
2021,82,early_late,14,0,0,14,22,64,56
2021,84,early_late,6,17,0,23,138,17,702
2021,85,early_late,8,3,0,11,47,23,474
2021,851,early_late,6,3,0,9,30,30,141
2021,86,early_late,11,6,0,17,41,41,240
2021,861,early_late,0,0,0,0,3,0,6
2021,87,early_late,21,7,0,28,91,31,422
2021,88,early_late,40,15,0,55,84,65,322
2021,89,early_late,32,8,4,44,101,44,286
2021,90,early_late,9,4,0,13,30,43,64
2021,91,early_late,12,12,4,28,119,24,474
2021,92,early_late,19,4,0,23,118,19,471
2021,93,early_late,24,11,4,39,43,91,105
2021,94,early_late,23,11,0,34,91,37,471
2021,95,early_late,9,21,0,30,112,27,512
2021,951,early_late,40,13,4,57,116,49,440
2021,96,early_late,50,17,0,67,212,32,1055
2021,97,early_late,14,9,6,29,39,74,90
2021,98,early_late,88,63,0,151,193,78,701
2021,99,early_late,45,42,0,87,190,46,993
2021,100,early_late,31,19,5,55,89,62,275
2021,101,early_late,18,8,0,26,67,39,339
2021,102,early_late,80,58,3,141,288,49,1108
2021,103,early_late,18,34,7,59,173,34,598
2021,104,early_late,24,24,9,57,120,48,439
2021,105,early_late,45,60,4,109,192,57,786
2021,106,early_late,9,3,0,12,21,57,113
2021,107,early_late,51,19,3,73,195,37,619
2021,109,early_late,64,17,3,84,166,51,673
2021,116,early_late,21,13,0,34,130,26,464
2021,117,early_late,22,7,0,29,84,35,295
2021,122,early_late,29,19,0,48,64,75,240
2021,125,early_late,3,5,0,8,48,17,211
2021,126,early_late,14,16,4,34,79,43,331
2021,127,early_late,19,25,0,44,91,48,429
2021,129,early_late,2,22,0,24,54,44,175
2021,130,early_late,4,4,0,8,37,22,128
2021,132,early_late,20,3,0,23,50,46,220
2021,136,early_late,13,3,0,16,30,53,104
2021,137,early_late,8,3,0,11,28,39,121
2021,138,early_late,5,0,0,5,18,28,80
2021,139,early_late,32,9,0,41,68,60,275
2021,141,early_late,4,5,0,9,19,47,72
2021,142,early_late,20,14,0,34,34,100,134
2021,143,early_late,30,2,0,32,54,59,264
2021,144,early_late,34,16,0,50,86,58,328
2021,145,early_late,17,3,0,20,51,39,196
2021,146,early_late,22,7,2,31,50,62,225
2021,147,early_late,3,1,2,6,16,38,34
2021,2,rifle_2nd,19,0,0,19,21,90,88
2021,201,rifle_2nd,20,0,0,20,20,100,59
2021,3,rifle_2nd,519,115,7,641,842,76,2743
2021,301,rifle_2nd,297,48,7,352,517,68,1497
2021,4,rifle_2nd,229,128,9,366,650,56,2620
2021,441,rifle_2nd,96,26,0,122,197,62,656
2021,5,rifle_2nd,35,9,2,46,121,38,540
2021,6,rifle_2nd,45,0,0,45,64,70,233
2021,7,rifle_2nd,7,12,6,25,279,9,1164
2021,8,rifle_2nd,17,18,0,35,281,12,1047
2021,9,rifle_2nd,0,4,0,4,4,100,8
2021,10,rifle_2nd,30,0,0,30,30,100,148
2021,11,rifle_2nd,299,83,15,397,562,71,1983
2021,211,rifle_2nd,180,92,0,272,385,71,1424
2021,12,rifle_2nd,152,20,3,175,516,34,2503
2021,13,rifle_2nd,124,6,0,130,246,53,992
2021,131,rifle_2nd,10,1,0,11,47,23,186
2021,231,rifle_2nd,9,3,0,12,52,23,270
2021,14,rifle_2nd,5,0,0,5,121,4,339
2021,214,rifle_2nd,0,0,0,0,55,0,172
2021,15,rifle_2nd,111,44,4,159,567,28,2644
2021,16,rifle_2nd,16,0,0,16,62,26,248
2021,161,rifle_2nd,65,0,0,65,90,72,367
2021,17,rifle_2nd,30,0,0,30,62,48,276
2021,171,rifle_2nd,29,0,0,29,63,46,313
2021,18,rifle_2nd,85,100,20,205,1021,20,3743
2021,181,rifle_2nd,91,23,0,114,292,39,1068
2021,19,rifle_2nd,59,41,0,100,243,41,824
2021,191,rifle_2nd,139,37,0,176,379,46,1278
2021,20,rifle_2nd,54,0,0,54,117,46,442
2021,21,rifle_2nd,268,0,0,268,297,90,1300
2021,22,rifle_2nd,242,159,30,431,569,76,2326
2021,23,rifle_2nd,138,23,3,164,476,34,1964
2021,24,rifle_2nd,16,0,0,16,147,11,668
2021,25,rifle_2nd,158,17,0,175,373,47,2042
2021,26,rifle_2nd,88,16,0,104,220,47,940
2021,27,rifle_2nd,46,37,13,96,350,27,1218
2021,28,rifle_2nd,81,76,0,157,845,19,3289
2021,29,rifle_2nd,45,6,4,55,213,26,836
2021,30,rifle_2nd,76,7,0,83,97,86,392
2021,31,rifle_2nd,117,0,0,117,163,72,636
2021,33,rifle_2nd,159,0,0,159,414,38,2043
2021,34,rifle_2nd,36,9,3,48,274,18,1348
2021,35,rifle_2nd,100,19,5,124,416,30,1561
2021,36,rifle_2nd,177,14,0,191,437,44,1576
2021,361,rifle_2nd,38,0,0,38,111,34,469
2021,37,rifle_2nd,90,68,10,168,600,28,1780
2021,371,rifle_2nd,2,0,0,2,215,1,898
2021,38,rifle_2nd,15,14,0,29,138,21,566
2021,39,rifle_2nd,35,9,0,44,118,37,528
2021,40,rifle_2nd,116,0,0,116,143,81,576
2021,41,rifle_2nd,199,4,0,203,330,62,1235
2021,411,rifle_2nd,47,0,0,47,85,55,286
2021,42,rifle_2nd,191,2,0,193,359,54,1316
2021,421,rifle_2nd,217,4,0,221,446,50,1788
2021,43,rifle_2nd,128,16,0,144,334,43,1497
2021,44,rifle_2nd,49,15,0,64,97,66,446
2021,444,rifle_2nd,127,19,0,146,279,52,1204
2021,45,rifle_2nd,38,14,0,52,155,34,586
2021,46,rifle_2nd,46,4,0,50,111,45,508
2021,47,rifle_2nd,33,2,0,35,73,48,332
2021,471,rifle_2nd,5,0,0,5,5,100,21
2021,48,rifle_2nd,26,0,0,26,82,32,271
2021,481,rifle_2nd,22,8,0,30,96,31,347
2021,49,rifle_2nd,174,12,0,186,309,60,1091
2021,50,rifle_2nd,30,0,0,30,96,31,301
2021,500,rifle_2nd,5,0,0,5,32,16,158
2021,501,rifle_2nd,71,48,4,123,199,62,722
2021,51,rifle_2nd,41,0,0,41,76,54,274
2021,511,rifle_2nd,70,47,0,117,159,74,549
2021,52,rifle_2nd,175,0,0,175,342,51,1379
2021,521,rifle_2nd,63,0,0,63,196,32,964
2021,53,rifle_2nd,101,0,0,101,137,74,489
2021,54,rifle_2nd,238,0,0,238,349,68,1778
2021,55,rifle_2nd,118,112,1,231,379,61,1726
2021,551,rifle_2nd,100,57,0,157,238,66,1156
2021,56,rifle_2nd,51,0,0,51,141,36,628
2021,561,rifle_2nd,14,0,0,14,45,31,167
2021,57,rifle_2nd,29,19,0,48,114,42,305
2021,58,rifle_2nd,103,5,0,108,261,41,858
2021,581,rifle_2nd,104,5,0,109,233,47,767
2021,59,rifle_2nd,9,0,0,9,40,23,174
2021,61,rifle_2nd,27,0,0,27,72,38,382
2021,62,rifle_2nd,252,2,0,254,455,56,1981
2021,63,rifle_2nd,110,0,0,110,128,86,539
2021,64,rifle_2nd,80,0,0,80,180,44,945
2021,65,rifle_2nd,193,0,0,193,317,61,1251
2021,66,rifle_2nd,158,62,2,222,271,82,1083
2021,67,rifle_2nd,126,65,0,191,283,67,1285
2021,68,rifle_2nd,95,0,0,95,207,46,1007
2021,681,rifle_2nd,51,0,0,51,143,36,657
2021,682,rifle_2nd,4,0,0,4,8,50,35
2021,69,rifle_2nd,174,13,0,187,363,52,1329
2021,691,rifle_2nd,10,8,0,18,26,69,38
2021,70,rifle_2nd,270,4,0,274,459,60,2439
2021,71,rifle_2nd,85,0,0,85,184,46,671
2021,711,rifle_2nd,147,0,0,147,216,68,842
2021,72,rifle_2nd,147,0,0,147,241,61,938
2021,73,rifle_2nd,68,0,0,68,137,50,616
2021,74,rifle_2nd,35,0,0,35,91,38,392
2021,741,rifle_2nd,95,11,0,106,205,52,968
2021,75,rifle_2nd,164,8,0,172,376,46,1569
2021,751,rifle_2nd,89,2,0,91,263,35,1078
2021,76,rifle_2nd,8,0,0,8,24,33,112
2021,77,rifle_2nd,136,8,0,144,360,40,1574
2021,771,rifle_2nd,155,4,0,159,216,74,835
2021,78,rifle_2nd,130,0,0,130,323,40,1496
2021,79,rifle_2nd,69,0,0,69,88,78,341
2021,80,rifle_2nd,112,0,0,112,169,66,690
2021,81,rifle_2nd,37,0,0,37,132,28,587
2021,82,rifle_2nd,69,0,0,69,149,46,762
2021,83,rifle_2nd,24,0,0,24,26,92,99
2021,84,rifle_2nd,168,21,0,189,412,46,1735
2021,85,rifle_2nd,158,0,0,158,332,48,1556
2021,851,rifle_2nd,18,0,0,18,35,51,160
2021,86,rifle_2nd,44,13,0,57,156,37,667
2021,861,rifle_2nd,18,0,0,18,22,82,90
2021,140,rifle_2nd,37,0,0,37,97,38,374
2021,2,rifle_3rd,9,0,0,9,14,64,68
2021,201,rifle_3rd,13,0,0,13,13,100,39
2021,3,rifle_3rd,721,267,34,1022,1484,69,5509
2021,301,rifle_3rd,320,77,8,405,714,57,2328
2021,4,rifle_3rd,274,127,5,406,542,75,2000
2021,441,rifle_3rd,96,0,0,96,162,59,701
2021,5,rifle_3rd,28,7,0,35,58,60,256
2021,6,rifle_3rd,19,0,0,19,21,90,56
2021,7,rifle_3rd,9,10,0,19,165,12,625
2021,8,rifle_3rd,39,21,0,60,252,24,1016
2021,9,rifle_3rd,0,5,0,5,18,28,41
2021,10,rifle_3rd,20,0,0,20,20,100,96
2021,11,rifle_3rd,370,125,0,495,853,58,3542
2021,211,rifle_3rd,253,41,8,302,520,58,1842
2021,12,rifle_3rd,156,56,0,212,429,49,1829
2021,13,rifle_3rd,73,18,0,91,247,37,933
2021,131,rifle_3rd,0,0,0,0,7,0,16
2021,231,rifle_3rd,4,0,0,4,24,17,96
2021,14,rifle_3rd,0,0,0,0,14,0,49
2021,214,rifle_3rd,0,9,0,9,24,38,69
2021,15,rifle_3rd,165,31,0,196,409,48,2015
2021,16,rifle_3rd,3,0,0,3,13,23,59
2021,161,rifle_3rd,11,0,0,11,22,50,89
2021,17,rifle_3rd,5,0,0,5,10,50,57
2021,171,rifle_3rd,13,0,0,13,21,62,97
2021,18,rifle_3rd,180,76,8,264,1026,26,3705
2021,181,rifle_3rd,53,35,0,88,433,20,1457
2021,19,rifle_3rd,85,9,0,94,289,33,874
2021,191,rifle_3rd,187,23,5,215,438,49,1450
2021,20,rifle_3rd,60,6,0,66,174,38,604
2021,21,rifle_3rd,63,0,0,63,80,79,330
2021,22,rifle_3rd,277,190,0,467,610,77,2183
2021,23,rifle_3rd,169,26,6,201,389,52,1608
2021,24,rifle_3rd,7,6,0,13,136,10,510
2021,25,rifle_3rd,85,9,0,94,275,34,1288
2021,26,rifle_3rd,51,9,0,60,202,30,848
2021,27,rifle_3rd,66,13,0,79,317,25,868
2021,28,rifle_3rd,69,60,11,140,821,17,2578
2021,29,rifle_3rd,31,11,2,44,152,29,469
2021,30,rifle_3rd,44,3,0,47,62,76,248
2021,31,rifle_3rd,128,0,0,128,241,53,887
2021,33,rifle_3rd,191,0,0,191,436,44,2063
2021,34,rifle_3rd,49,8,4,61,191,32,771
2021,35,rifle_3rd,140,8,3,151,361,42,1395
2021,36,rifle_3rd,161,21,0,182,331,55,1124
2021,361,rifle_3rd,37,0,0,37,99,37,337
2021,37,rifle_3rd,106,59,8,173,534,32,1925
2021,371,rifle_3rd,9,0,0,9,93,10,246
2021,38,rifle_3rd,17,2,0,19,141,13,545
2021,39,rifle_3rd,50,5,2,57,109,52,344
2021,40,rifle_3rd,94,0,0,94,121,78,484
2021,41,rifle_3rd,76,0,0,76,141,54,496
2021,411,rifle_3rd,40,0,0,40,73,55,288
2021,42,rifle_3rd,166,0,5,171,232,74,901
2021,421,rifle_3rd,101,0,0,101,131,77,421
2021,43,rifle_3rd,98,16,4,118,174,68,689
2021,44,rifle_3rd,19,8,0,27,34,79,144
2021,444,rifle_3rd,47,26,0,73,157,46,632
2021,45,rifle_3rd,15,0,0,15,41,37,180
2021,46,rifle_3rd,36,5,0,41,87,47,321
2021,47,rifle_3rd,23,0,0,23,36,64,115
2021,48,rifle_3rd,11,0,0,11,34,32,142
2021,481,rifle_3rd,68,21,0,89,112,79,375
2021,49,rifle_3rd,142,20,0,162,219,74,753
2021,50,rifle_3rd,49,0,0,49,97,51,387
2021,500,rifle_3rd,0,0,0,0,21,0,63
2021,501,rifle_3rd,93,30,4,127,192,66,665
2021,51,rifle_3rd,60,0,0,60,79,76,263
2021,511,rifle_3rd,36,42,3,81,102,79,320
2021,52,rifle_3rd,88,0,0,88,164,54,440
2021,521,rifle_3rd,67,0,0,67,92,73,329
2021,53,rifle_3rd,91,0,0,91,99,92,343
2021,54,rifle_3rd,48,0,0,48,56,86,253
2021,55,rifle_3rd,79,50,5,134,165,81,705
2021,551,rifle_3rd,30,34,0,64,83,77,378
2021,56,rifle_3rd,17,4,0,21,42,50,139
2021,561,rifle_3rd,29,0,0,29,60,48,223
2021,57,rifle_3rd,44,16,0,60,137,44,433
2021,58,rifle_3rd,69,9,0,78,131,60,535
2021,581,rifle_3rd,73,0,0,73,112,65,378
2021,59,rifle_3rd,18,0,0,18,23,78,76
2021,60,rifle_3rd,48,4,0,52,83,63,317
2021,62,rifle_3rd,278,0,0,278,422,66,1744
2021,63,rifle_3rd,97,0,0,97,117,83,433
2021,64,rifle_3rd,111,0,0,111,143,78,620
2021,65,rifle_3rd,133,0,0,133,233,57,869
2021,66,rifle_3rd,42,34,3,79,87,91,311
2021,67,rifle_3rd,42,29,9,80,102,78,452
2021,68,rifle_3rd,81,0,0,81,142,57,625
2021,681,rifle_3rd,51,0,0,51,102,50,419
2021,69,rifle_3rd,147,20,0,167,253,66,834
2021,691,rifle_3rd,0,4,0,4,24,17,89
2021,70,rifle_3rd,370,5,0,375,523,72,2355
2021,71,rifle_3rd,71,0,0,71,163,44,621
2021,711,rifle_3rd,250,0,0,250,389,64,1780
2021,72,rifle_3rd,162,0,0,162,241,67,859
2021,73,rifle_3rd,150,0,0,150,232,65,782
2021,74,rifle_3rd,26,0,0,26,66,39,269
2021,741,rifle_3rd,75,9,0,84,118,71,476
2021,75,rifle_3rd,126,10,0,136,243,56,961
2021,751,rifle_3rd,133,0,0,133,237,56,931
2021,76,rifle_3rd,14,0,0,14,17,82,61
2021,77,rifle_3rd,126,2,0,128,270,47,1254
2021,771,rifle_3rd,113,0,0,113,190,59,596
2021,78,rifle_3rd,70,2,0,72,241,30,922
2021,79,rifle_3rd,102,0,0,102,114,89,455
2021,80,rifle_3rd,121,0,0,121,179,68,650
2021,81,rifle_3rd,54,0,0,54,99,55,389
2021,82,rifle_3rd,41,0,0,41,107,38,457
2021,83,rifle_3rd,25,0,0,25,29,86,106
2021,84,rifle_3rd,135,20,0,155,279,56,838
2021,85,rifle_3rd,110,0,0,110,160,69,580
2021,851,rifle_3rd,23,0,0,23,28,82,66
2021,86,rifle_3rd,44,8,0,52,106,49,393
2021,861,rifle_3rd,0,2,0,2,18,11,53
2021,140,rifle_3rd,19,0,0,19,47,40,161
2021,3,rifle_4th,63,0,0,63,105,60,349
2021,301,rifle_4th,34,0,0,34,59,58,190
2021,4,rifle_4th,79,35,0,114,169,67,579
2021,441,rifle_4th,9,0,0,9,18,50,54
2021,5,rifle_4th,16,1,0,17,19,89,67
2021,6,rifle_4th,8,0,0,8,14,57,46
2021,7,rifle_4th,14,0,0,14,59,24,198
2021,8,rifle_4th,13,0,0,13,100,13,295
2021,11,rifle_4th,51,23,10,84,122,69,401
2021,211,rifle_4th,38,44,0,82,103,80,293
2021,12,rifle_4th,46,0,0,46,92,50,341
2021,13,rifle_4th,14,6,6,26,50,52,136
2021,214,rifle_4th,0,0,0,0,4,0,4
2021,15,rifle_4th,19,0,0,19,40,48,154
2021,16,rifle_4th,0,0,0,0,3,0,9
2021,161,rifle_4th,4,0,0,4,5,80,17
2021,17,rifle_4th,0,0,0,0,2,0,8
2021,171,rifle_4th,2,0,0,2,2,100,10
2021,18,rifle_4th,43,0,0,43,119,36,388
2021,181,rifle_4th,13,0,0,13,40,33,116
2021,19,rifle_4th,44,0,0,44,100,44,247
2021,191,rifle_4th,83,0,0,83,156,53,404
2021,20,rifle_4th,97,10,0,107,188,57,587
2021,22,rifle_4th,13,0,0,13,25,52,115
2021,23,rifle_4th,30,0,0,30,49,61,185
2021,25,rifle_4th,19,0,0,19,51,37,163
2021,26,rifle_4th,22,0,0,22,42,52,131
2021,27,rifle_4th,17,0,0,17,44,39,131
2021,28,rifle_4th,18,0,0,18,105,17,283
2021,29,rifle_4th,18,9,4,31,161,19,428
2021,33,rifle_4th,19,0,0,19,29,66,105
2021,34,rifle_4th,12,0,0,12,47,26,169
2021,35,rifle_4th,6,0,0,6,9,67,35
2021,36,rifle_4th,9,0,0,9,12,75,41
2021,37,rifle_4th,24,0,0,24,57,42,188
2021,371,rifle_4th,4,0,0,4,4,100,12
2021,38,rifle_4th,26,4,0,30,136,22,320
2021,39,rifle_4th,30,3,0,33,86,38,234
2021,40,rifle_4th,4,0,0,4,6,67,18
2021,43,rifle_4th,14,0,0,14,22,64,72
2021,44,rifle_4th,14,0,0,14,20,70,81
2021,45,rifle_4th,0,0,0,0,3,0,3
2021,46,rifle_4th,14,5,5,24,51,47,128
2021,461,rifle_4th,1,0,0,1,6,17,12
2021,47,rifle_4th,6,0,0,6,6,100,11
2021,501,rifle_4th,17,0,0,17,24,71,78
2021,51,rifle_4th,36,0,0,36,47,77,136
2021,511,rifle_4th,71,0,0,71,96,74,265
2021,52,rifle_4th,11,0,0,11,18,61,55
2021,521,rifle_4th,6,0,0,6,11,55,42
2021,53,rifle_4th,5,0,0,5,8,63,28
2021,54,rifle_4th,14,0,0,14,15,93,46
2021,55,rifle_4th,17,0,0,17,20,85,76
2021,551,rifle_4th,6,0,0,6,15,40,58
2021,60,rifle_4th,5,0,0,5,5,100,11
2021,63,rifle_4th,7,0,0,7,7,100,23
2021,64,rifle_4th,3,0,0,3,6,50,8
2021,65,rifle_4th,11,0,0,11,14,79,48
2021,66,rifle_4th,14,0,0,14,17,82,53
2021,67,rifle_4th,20,0,0,20,20,100,62
2021,68,rifle_4th,10,0,0,10,12,83,50
2021,681,rifle_4th,2,0,0,2,5,40,10
2021,69,rifle_4th,14,0,0,14,23,61,75
2021,691,rifle_4th,0,0,0,0,3,0,3
2021,70,rifle_4th,34,0,0,34,61,56,228
2021,71,rifle_4th,6,0,0,6,8,75,39
2021,711,rifle_4th,23,0,0,23,36,64,125
2021,72,rifle_4th,19,0,0,19,36,53,140
2021,73,rifle_4th,7,0,0,7,24,29,69
2021,74,rifle_4th,11,0,0,11,15,73,42
2021,741,rifle_4th,31,5,0,36,60,60,189
2021,75,rifle_4th,44,9,0,53,71,75,229
2021,751,rifle_4th,26,5,0,31,58,53,158
2021,77,rifle_4th,25,0,2,27,42,64,125
2021,771,rifle_4th,42,2,0,44,44,100,150
2021,78,rifle_4th,18,0,0,18,30,60,89
2021,79,rifle_4th,8,0,0,8,9,89,33
2021,80,rifle_4th,35,0,0,35,38,92,101
2021,81,rifle_4th,6,0,0,6,14,43,31
2021,82,rifle_4th,11,0,0,11,16,69,64
2021,83,rifle_4th,0,0,0,0,1,0,5
2021,84,rifle_4th,4,0,0,4,17,24,31
2021,201,archery,2,0,0,2,8,25,66
2021,3,archery,26,9,0,35,51,69,111
2021,301,archery,15,0,0,15,40,38,169
2021,4,archery,17,9,0,26,98,27,707
2021,441,archery,0,0,0,0,58,0,372
2021,5,archery,32,29,0,61,128,48,788
2021,6,archery,4,0,0,4,47,9,310
2021,7,archery,20,34,0,54,330,16,2641
2021,8,archery,30,30,0,60,250,24,1966
2021,9,archery,0,10,0,10,65,15,267
2021,10,archery,3,0,0,3,5,60,40
2021,11,archery,4,0,0,4,28,14,181
2021,211,archery,0,0,0,0,17,0,66
2021,12,archery,15,4,0,19,84,23,553
2021,13,archery,9,4,0,13,24,54,142
2021,131,archery,0,0,0,0,24,0,185
2021,231,archery,4,10,0,14,54,26,497
2021,14,archery,9,23,0,32,103,31,845
2021,214,archery,9,0,0,9,44,20,270
2021,15,archery,3,19,0,22,127,17,1071
2021,16,archery,0,0,0,0,11,0,94
2021,161,archery,18,0,0,18,44,41,308
2021,17,archery,4,0,0,4,22,18,195
2021,171,archery,2,0,0,2,11,18,31
2021,18,archery,23,23,0,46,276,17,1575
2021,181,archery,5,0,0,5,88,6,736
2021,19,archery,0,20,0,20,146,14,730
2021,191,archery,0,14,0,14,189,7,986
2021,20,archery,13,17,0,30,181,17,1329
2021,21,archery,25,0,0,25,48,52,305
2021,22,archery,6,0,0,6,26,23,266
2021,23,archery,13,23,0,36,161,22,1178
2021,24,archery,0,0,0,0,82,0,692
2021,25,archery,7,0,0,7,83,8,737
2021,26,archery,0,0,0,0,44,0,221
2021,27,archery,18,18,0,36,142,25,844
2021,28,archery,14,23,0,37,273,14,1956
2021,29,archery,15,18,0,33,111,30,857
2021,30,archery,13,6,0,19,78,24,607
2021,31,archery,25,18,0,43,80,54,576
2021,32,archery,0,5,0,5,25,20,287
2021,34,archery,0,3,0,3,66,5,550
2021,35,archery,10,20,0,30,74,41,641
2021,36,archery,0,10,0,10,55,18,506
2021,361,archery,0,6,0,6,6,100,126
2021,37,archery,45,9,0,54,204,26,2109
2021,371,archery,9,0,0,9,120,8,764
2021,38,archery,11,0,0,11,156,7,1306
2021,39,archery,0,19,0,19,136,14,1006
2021,391,archery,10,4,0,14,55,25,402
2021,40,archery,42,0,0,42,74,57,559
2021,41,archery,33,16,0,49,170,29,1155
2021,411,archery,3,0,0,3,16,19,137
2021,42,archery,16,0,0,16,69,23,569
2021,421,archery,16,32,4,52,113,46,989
2021,43,archery,15,13,0,28,132,21,1009
2021,44,archery,17,9,0,26,51,51,367
2021,444,archery,17,8,0,25,97,26,799
2021,45,archery,17,11,0,28,55,51,432
2021,46,archery,22,13,0,35,82,43,438
2021,461,archery,9,0,0,9,36,25,262
2021,47,archery,0,4,0,4,28,14,350
2021,471,archery,4,4,0,8,49,16,406
2021,48,archery,5,0,0,5,61,8,498
2021,481,archery,5,0,0,5,79,6,629
2021,49,archery,4,6,0,10,120,8,832
2021,50,archery,5,0,0,5,71,7,455
2021,500,archery,5,5,0,10,73,14,465
2021,501,archery,25,10,0,35,87,40,661
2021,51,archery,5,19,0,24,98,24,630
2021,511,archery,53,0,0,53,118,45,770
2021,52,archery,7,0,0,7,42,17,228
2021,521,archery,7,0,0,7,49,14,447
2021,53,archery,11,0,0,11,44,25,363
2021,54,archery,5,0,0,5,49,10,481
2021,55,archery,15,0,0,15,59,25,461
2021,551,archery,17,0,0,17,42,40,253
2021,56,archery,5,0,0,5,47,11,360
2021,561,archery,7,0,0,7,31,23,246
2021,57,archery,4,0,0,4,36,11,170
2021,58,archery,13,12,0,25,43,58,307
2021,581,archery,10,0,0,10,53,19,187
2021,60,archery,10,0,0,10,40,25,327
2021,61,archery,14,0,0,14,48,29,499
2021,62,archery,25,0,0,25,154,16,1265
2021,63,archery,19,0,0,19,39,49,270
2021,64,archery,4,0,0,4,20,20,172
2021,65,archery,35,0,0,35,94,37,747
2021,66,archery,16,0,0,16,60,27,526
2021,67,archery,18,0,0,18,61,30,665
2021,68,archery,16,0,0,16,55,29,442
2021,681,archery,12,0,0,12,52,23,330
2021,69,archery,37,2,0,39,108,36,764
2021,691,archery,0,0,0,0,10,0,46
2021,70,archery,15,0,0,15,115,13,1246
2021,71,archery,10,0,0,10,85,12,737
2021,711,archery,13,0,0,13,46,28,328
2021,72,archery,16,0,0,16,61,26,417
2021,73,archery,16,0,0,16,54,30,594
2021,74,archery,24,0,0,24,95,25,861
2021,741,archery,8,0,0,8,49,16,388
2021,75,archery,37,14,0,51,194,26,1726
2021,751,archery,3,0,0,3,88,3,619
2021,76,archery,8,0,0,8,25,32,199
2021,77,archery,29,6,0,35,139,25,1348
2021,771,archery,0,0,0,0,6,0,83
2021,78,archery,46,13,0,59,143,41,1242
2021,79,archery,4,0,0,4,8,50,84
2021,791,archery,2,0,0,2,2,100,12
2021,80,archery,18,0,0,18,99,18,621
2021,81,archery,22,0,0,22,133,17,1126
2021,82,archery,8,0,0,8,45,18,338
2021,83,archery,1,0,0,1,6,17,45
2021,84,archery,17,0,0,17,83,20,659
2021,85,archery,30,0,0,30,94,32,749
2021,851,archery,8,0,0,8,27,30,308
2021,86,archery,8,2,0,10,58,17,340
2021,87,archery,0,0,0,0,11,0,132
2021,88,archery,0,0,0,0,11,0,53
2021,89,archery,6,0,0,6,27,22,104
2021,90,archery,0,0,0,0,11,0,53
2021,91,archery,15,4,0,19,50,38,456
2021,92,archery,19,0,0,19,61,31,430
2021,94,archery,14,0,0,14,72,19,902
2021,95,archery,0,0,0,0,11,0,58
2021,951,archery,7,7,0,14,50,28,351
2021,96,archery,27,0,0,27,95,28,901
2021,97,archery,0,0,0,0,3,0,34
2021,98,archery,22,0,0,22,45,49,325
2021,99,archery,4,0,0,4,42,10,552
2021,100,archery,0,0,0,0,7,0,113
2021,101,archery,7,0,0,7,48,15,374
2021,102,archery,18,0,0,18,55,33,604
2021,103,archery,12,3,0,15,62,24,417
2021,104,archery,83,11,0,94,291,32,3263
2021,105,archery,28,11,11,50,176,28,1992
2021,106,archery,0,0,0,0,31,0,164
2021,107,archery,3,6,0,9,29,31,106
2021,109,archery,10,7,0,17,83,20,785
2021,110,archery,53,9,0,62,173,36,1425
2021,111,archery,6,0,0,6,18,33,30
2021,112,archery,10,0,0,10,42,24,383
2021,113,archery,0,0,0,0,30,0,138
2021,114,archery,3,0,0,3,3,100,16
2021,115,archery,3,0,0,3,8,38,49
2021,116,archery,7,4,0,11,49,22,474
2021,117,archery,4,0,0,4,15,27,114
2021,118,archery,0,0,0,0,12,0,117
2021,119,archery,6,0,0,6,77,8,412
2021,120,archery,0,0,0,0,8,0,41
2021,121,archery,5,0,0,5,19,26,113
2021,122,archery,16,0,0,16,77,21,660
2021,123,archery,19,0,0,19,59,32,742
2021,124,archery,0,3,0,3,20,15,176
2021,125,archery,13,3,0,16,69,23,720
2021,126,archery,0,0,0,0,45,0,234
2021,127,archery,10,12,0,22,92,24,493
2021,128,archery,8,0,0,8,79,10,1161
2021,129,archery,6,0,0,6,34,18,152
2021,130,archery,5,0,0,5,33,15,504
2021,132,archery,4,0,0,4,43,9,133
2021,133,archery,0,0,0,0,6,0,12
2021,134,archery,14,0,0,14,14,100,120
2021,135,archery,7,7,0,14,27,52,365
2021,137,archery,0,0,0,0,6,0,117
2021,139,archery,13,0,0,13,42,31,313
2021,140,archery,16,0,0,16,46,35,408
2021,141,archery,0,3,0,3,5,60,29
2021,142,archery,0,0,0,0,29,0,287
2021,143,archery,0,0,0,0,6,0,19
2021,144,archery,9,0,0,9,20,45,141
2021,145,archery,3,0,0,3,14,21,64
2021,146,archery,25,3,0,28,91,31,780
2021,147,archery,2,2,0,4,16,25,45
2021,201,muzzleloader,6,0,0,6,8,75,30
2021,3,muzzleloader,4,3,0,7,18,39,61
2021,301,muzzleloader,11,3,0,14,25,56,101
2021,4,muzzleloader,7,3,0,10,40,25,173
2021,441,muzzleloader,0,0,0,0,3,0,6
2021,5,muzzleloader,4,6,0,10,32,31,128
2021,6,muzzleloader,3,0,0,3,22,14,93
2021,7,muzzleloader,18,35,0,53,194,27,762
2021,8,muzzleloader,45,17,0,62,274,23,1138
2021,9,muzzleloader,0,9,0,9,17,53,43
2021,10,muzzleloader,4,0,0,4,4,100,8
2021,11,muzzleloader,3,0,0,3,28,11,125
2021,211,muzzleloader,9,0,0,9,27,33,129
2021,12,muzzleloader,5,7,3,15,48,31,284
2021,131,muzzleloader,0,0,0,0,7,0,35
2021,231,muzzleloader,4,4,0,8,15,53,70
2021,14,muzzleloader,4,3,0,7,26,27,93
2021,214,muzzleloader,4,6,0,10,20,50,102
2021,15,muzzleloader,17,8,0,25,141,18,724
2021,16,muzzleloader,0,0,0,0,12,0,67
2021,161,muzzleloader,15,0,0,15,34,44,133
2021,17,muzzleloader,0,0,0,0,17,0,59
2021,171,muzzleloader,6,0,0,6,13,46,48
2021,18,muzzleloader,30,9,0,39,254,15,1124
2021,181,muzzleloader,6,0,0,6,87,7,429
2021,19,muzzleloader,18,17,0,35,115,30,417
2021,191,muzzleloader,9,0,0,9,114,8,457
2021,20,muzzleloader,9,0,0,9,97,9,422
2021,21,muzzleloader,3,0,0,3,17,18,78
2021,22,muzzleloader,12,0,0,12,46,26,236
2021,23,muzzleloader,26,8,0,34,104,33,362
2021,24,muzzleloader,8,0,3,11,57,19,230
2021,25,muzzleloader,3,0,0,3,61,5,247
2021,26,muzzleloader,5,2,0,7,50,14,223
2021,27,muzzleloader,35,2,0,37,166,22,745
2021,28,muzzleloader,14,36,0,50,282,18,1351
2021,29,muzzleloader,5,0,0,5,99,5,482
2021,30,muzzleloader,6,0,0,6,12,50,46
2021,31,muzzleloader,35,0,0,35,62,56,293
2021,32,muzzleloader,11,0,0,11,30,37,152
2021,33,muzzleloader,26,0,5,31,132,23,571
2021,35,muzzleloader,11,13,0,24,100,24,412
2021,36,muzzleloader,25,9,0,34,96,35,425
2021,361,muzzleloader,6,0,0,6,24,25,136
2021,37,muzzleloader,43,9,0,52,233,22,846
2021,371,muzzleloader,0,0,0,0,91,0,334
2021,38,muzzleloader,3,3,0,6,51,12,233
2021,39,muzzleloader,18,7,0,25,123,20,644
2021,391,muzzleloader,0,0,0,0,5,0,23
2021,40,muzzleloader,21,0,0,21,30,70,130
2021,41,muzzleloader,47,0,0,47,91,52,507
2021,411,muzzleloader,7,0,0,7,7,100,21
2021,42,muzzleloader,6,0,0,6,31,19,108
2021,421,muzzleloader,14,0,0,14,100,14,523
2021,43,muzzleloader,26,0,0,26,132,20,688
2021,44,muzzleloader,9,7,0,16,57,28,312
2021,444,muzzleloader,24,8,0,32,73,44,375
2021,45,muzzleloader,6,4,0,10,45,22,230
2021,46,muzzleloader,2,7,0,9,54,17,270
2021,461,muzzleloader,1,2,0,3,13,23,48
2021,47,muzzleloader,5,0,0,5,33,15,121
2021,48,muzzleloader,6,3,0,9,41,22,153
2021,481,muzzleloader,2,0,0,2,32,6,139
2021,49,muzzleloader,14,2,0,16,68,24,330
2021,50,muzzleloader,0,0,0,0,40,0,216
2021,500,muzzleloader,4,0,0,4,21,19,98
2021,501,muzzleloader,16,3,0,19,63,30,268
2021,51,muzzleloader,27,9,0,36,60,60,274
2021,511,muzzleloader,8,14,0,22,51,43,218
2021,52,muzzleloader,2,0,0,2,24,8,128
2021,521,muzzleloader,13,0,0,13,29,45,131
2021,53,muzzleloader,4,0,0,4,18,22,103
2021,54,muzzleloader,4,0,0,4,41,10,241
2021,55,muzzleloader,16,0,0,16,48,33,258
2021,551,muzzleloader,12,0,0,12,42,29,232
2021,56,muzzleloader,4,3,0,7,25,28,106
2021,561,muzzleloader,0,0,0,0,7,0,46
2021,57,muzzleloader,0,2,0,2,5,40,5
2021,58,muzzleloader,24,0,0,24,50,48,217
2021,581,muzzleloader,11,2,0,13,38,34,139
2021,59,muzzleloader,10,2,2,14,28,50,122
2021,591,muzzleloader,0,0,0,0,3,0,26
2021,61,muzzleloader,2,0,0,2,17,12,107
2021,62,muzzleloader,16,0,0,16,70,23,356
2021,63,muzzleloader,14,0,0,14,22,64,97
2021,64,muzzleloader,7,0,0,7,14,50,46
2021,65,muzzleloader,10,0,0,10,33,30,177
2021,66,muzzleloader,41,0,0,41,58,71,240
2021,67,muzzleloader,20,0,0,20,47,43,234
2021,68,muzzleloader,16,0,0,16,45,36,244
2021,681,muzzleloader,18,0,0,18,54,33,274
2021,682,muzzleloader,2,0,0,2,5,40,19
2021,69,muzzleloader,49,10,0,59,117,50,406
2021,691,muzzleloader,5,0,0,5,5,100,5
2021,70,muzzleloader,30,0,0,30,74,41,388
2021,71,muzzleloader,14,0,0,14,36,39,179
2021,711,muzzleloader,12,0,0,12,39,31,140
2021,72,muzzleloader,31,0,0,31,45,69,191
2021,73,muzzleloader,22,0,0,22,57,39,297
2021,74,muzzleloader,28,0,0,28,84,33,432
2021,741,muzzleloader,10,0,0,10,27,37,129
2021,75,muzzleloader,48,0,0,48,123,39,583
2021,751,muzzleloader,17,0,0,17,85,20,384
2021,76,muzzleloader,13,0,0,13,18,72,103
2021,77,muzzleloader,25,5,0,30,90,33,393
2021,771,muzzleloader,0,0,0,0,13,0,46
2021,78,muzzleloader,49,0,0,49,108,45,552
2021,79,muzzleloader,6,0,0,6,12,50,52
2021,80,muzzleloader,37,0,0,37,111,33,482
2021,81,muzzleloader,23,0,0,23,75,31,297
2021,82,muzzleloader,15,0,0,15,51,29,198
2021,83,muzzleloader,5,0,0,5,5,100,5
2021,84,muzzleloader,5,7,0,12,48,25,205
2021,85,muzzleloader,13,0,0,13,33,39,166
2021,851,muzzleloader,2,0,0,2,6,33,18
2021,86,muzzleloader,3,2,0,5,55,9,222
2021,861,muzzleloader,0,0,0,0,10,0,70
2021,87,muzzleloader,0,0,0,0,11,0,19
2021,88,muzzleloader,1,0,0,1,18,6,50
2021,89,muzzleloader,8,2,0,10,16,63,37
2021,90,muzzleloader,0,0,0,0,2,0,2
2021,91,muzzleloader,5,4,2,11,42,26,187
2021,92,muzzleloader,2,4,0,6,35,17,100
2021,94,muzzleloader,4,3,3,10,21,48,78
2021,95,muzzleloader,4,0,0,4,24,17,77
2021,951,muzzleloader,4,8,3,15,24,63,85
2021,96,muzzleloader,2,15,0,17,60,28,200
2021,97,muzzleloader,8,0,0,8,12,67,44
2021,98,muzzleloader,0,2,0,2,18,11,62
2021,99,muzzleloader,10,5,0,15,44,34,120
2021,100,muzzleloader,8,2,0,10,20,50,74
2021,101,muzzleloader,4,0,0,4,20,20,68
2021,102,muzzleloader,19,3,2,24,54,44,159
2021,103,muzzleloader,11,4,6,21,48,44,155
2021,104,muzzleloader,22,2,0,24,42,57,148
2021,105,muzzleloader,6,9,0,15,29,52,105
2021,106,muzzleloader,9,2,0,11,11,100,49
2021,107,muzzleloader,8,3,0,11,32,34,101
2021,109,muzzleloader,9,6,0,15,41,37,176
2021,110,muzzleloader,16,9,0,25,46,54,111
2021,111,muzzleloader,10,2,0,12,17,71,36
2021,112,muzzleloader,3,0,0,3,8,38,25
2021,113,muzzleloader,0,0,0,0,5,0,23
2021,115,muzzleloader,3,0,0,3,5,60,8
2021,116,muzzleloader,4,0,0,4,14,29,52
2021,117,muzzleloader,2,0,0,2,6,33,10
2021,118,muzzleloader,10,0,0,10,18,56,76
2021,119,muzzleloader,3,3,0,6,13,46,41
2021,120,muzzleloader,0,0,0,0,5,0,8
2021,121,muzzleloader,6,3,0,9,19,47,60
2021,122,muzzleloader,10,3,2,15,26,58,105
2021,123,muzzleloader,11,2,0,13,25,52,86
2021,124,muzzleloader,3,0,0,3,11,27,24
2021,125,muzzleloader,2,0,0,2,17,12,23
2021,126,muzzleloader,0,0,0,0,28,0,115
2021,127,muzzleloader,0,8,0,8,17,47,80
2021,128,muzzleloader,0,3,0,3,15,20,61
2021,129,muzzleloader,0,3,0,3,7,43,8
2021,132,muzzleloader,3,5,0,8,8,100,22
2021,133,muzzleloader,0,0,0,0,4,0,7
2021,134,muzzleloader,2,2,0,4,6,67,20
2021,135,muzzleloader,0,2,2,4,10,40,54
2021,136,muzzleloader,0,0,0,0,3,0,13
2021,138,muzzleloader,0,0,0,0,2,0,9
2021,140,muzzleloader,9,0,0,9,15,60,65
2021,141,muzzleloader,0,0,0,0,2,0,10
2021,142,muzzleloader,8,4,4,16,21,76,78
2021,143,muzzleloader,2,2,0,4,9,44,30
2021,144,muzzleloader,5,6,0,11,29,38,101
2021,145,muzzleloader,0,0,0,0,5,0,24
2021,146,muzzleloader,0,2,0,2,15,13,59
2021,481,whitetail,0,0,0,0,11,0,30
2021,511,whitetail,0,0,0,0,11,0,61
2021,581,whitetail,0,0,0,0,11,0,30
2021,59,whitetail,0,0,0,0,33,0,160
2021,591,whitetail,6,6,0,12,74,16,477
2021,69,whitetail,6,14,3,23,52,44,455
2021,691,whitetail,0,0,0,0,6,0,11
2021,84,whitetail,6,17,0,23,138,17,702
2021,85,whitetail,8,3,0,11,47,23,474
2021,851,whitetail,6,3,0,9,30,30,141
2021,86,whitetail,0,6,0,6,17,35,138
2021,861,whitetail,0,0,0,0,3,0,6
2021,103,whitetail,0,0,0,0,17,0,87
2021,104,whitetail,12,7,9,28,62,45,224
2021,105,whitetail,14,9,0,23,122,19,537
2021,106,whitetail,0,7,0,7,28,25,87
2021,107,whitetail,23,29,3,55,175,31,530
2021,109,whitetail,29,18,3,50,232,22,1241
2021,110,whitetail,18,2,0,20,105,19,460
2021,111,whitetail,13,2,5,20,44,45,97
2021,112,whitetail,6,0,0,6,40,15,161
2021,113,whitetail,0,0,0,0,43,0,116
2021,114,whitetail,0,5,0,5,16,31,34
2021,115,whitetail,0,0,0,0,8,0,24
2021,116,whitetail,30,17,4,51,128,40,481
2021,117,whitetail,0,8,0,8,44,18,174
2021,118,whitetail,7,2,0,9,21,43,173
2021,119,whitetail,6,14,0,20,89,22,379
2021,120,whitetail,0,0,0,0,20,0,37
2021,121,whitetail,6,6,0,12,31,39,111
2021,122,whitetail,16,13,3,32,86,37,418
2021,123,whitetail,21,2,0,23,48,48,449
2021,124,whitetail,8,3,0,11,27,41,163
2021,125,whitetail,2,20,0,22,110,20,550
2021,126,whitetail,8,6,4,18,86,21,336
2021,127,whitetail,15,24,3,42,101,42,525
2021,128,whitetail,11,3,0,14,68,21,376
2021,129,whitetail,18,15,0,33,75,44,283
2021,130,whitetail,0,0,0,0,19,0,136
2021,132,whitetail,21,13,4,38,56,68,187
2021,133,whitetail,0,0,0,0,8,0,14
2021,135,whitetail,0,6,2,8,31,26,141
2021,136,whitetail,0,3,0,3,29,10,112
2021,137,whitetail,0,0,0,0,5,0,32
2021,138,whitetail,0,0,0,0,3,0,23
2021,139,whitetail,14,5,0,19,56,34,223
2021,141,whitetail,0,3,0,3,6,50,8
2021,143,whitetail,21,0,0,21,42,50,200
2021,144,whitetail,27,4,0,31,99,31,423
2021,145,whitetail,10,0,0,10,51,20,152
2021,146,whitetail,16,13,0,29,68,43,331
2021,147,whitetail,5,3,0,8,24,33,59
2021,104,whitetail,3,0,0,3,9,33,67
2021,105,whitetail,3,0,0,3,21,14,120
2021,106,whitetail,0,0,0,0,3,0,15
2021,107,whitetail,0,3,0,3,9,33,17
2021,109,whitetail,0,4,0,4,40,10,403
2021,110,whitetail,0,0,0,0,65,0,297
2021,111,whitetail,6,0,0,6,18,33,30
2021,112,whitetail,0,0,0,0,19,0,110
2021,113,whitetail,0,0,0,0,11,0,29
2021,116,whitetail,0,0,0,0,4,0,4
2021,117,whitetail,0,0,0,0,4,0,18
2021,118,whitetail,0,0,0,0,8,0,104
2021,119,whitetail,6,0,0,6,60,10,297
2021,120,whitetail,0,0,0,0,3,0,3
2021,121,whitetail,0,0,0,0,5,0,14
2021,122,whitetail,0,0,0,0,30,0,232
2021,123,whitetail,13,0,0,13,28,46,394
2021,124,whitetail,0,3,0,3,11,27,121
2021,125,whitetail,0,3,0,3,38,8,293
2021,126,whitetail,0,0,0,0,14,0,95
2021,127,whitetail,4,6,0,10,37,27,221
2021,128,whitetail,7,0,0,7,29,24,224
2021,129,whitetail,6,0,0,6,26,23,96
2021,130,whitetail,0,0,0,0,9,0,98
2021,132,whitetail,4,0,0,4,14,29,73
2021,133,whitetail,0,0,0,0,6,0,12
2021,134,whitetail,7,0,0,7,7,100,85
2021,135,whitetail,0,0,0,0,6,0,36
2021,136,whitetail,0,0,0,0,16,0,69
2021,139,whitetail,0,0,0,0,13,0,71
2021,144,whitetail,0,0,0,0,5,0,28
2021,145,whitetail,0,0,0,0,5,0,12
2021,146,whitetail,6,3,0,9,23,39,141
2021,147,whitetail,2,2,0,4,11,36,36
2021,105,whitetail,0,0,0,0,2,0,8
2021,107,whitetail,0,0,0,0,1,0,4
2021,109,whitetail,0,6,0,6,24,25,111
2021,110,whitetail,3,2,0,5,11,45,13
2021,111,whitetail,0,0,0,0,2,0,4
2021,118,whitetail,7,0,0,7,7,100,39
2021,119,whitetail,0,3,0,3,8,38,36
2021,122,whitetail,3,3,0,6,9,67,31
2021,123,whitetail,3,2,0,5,12,42,35
2021,124,whitetail,0,0,0,0,8,0,16
2021,125,whitetail,2,0,0,2,4,50,5
2021,126,whitetail,0,0,0,0,14,0,69
2021,127,whitetail,0,8,0,8,12,67,69
2021,128,whitetail,0,0,0,0,7,0,25
2021,129,whitetail,0,0,0,0,4,0,5
2021,132,whitetail,0,3,0,3,3,100,9
2021,133,whitetail,0,0,0,0,2,0,2
2021,134,whitetail,2,2,0,4,4,100,5
2021,135,whitetail,0,2,2,4,5,80,22
2021,139,whitetail,0,0,0,0,3,0,9
2021,143,whitetail,0,0,0,0,2,0,10
2021,144,whitetail,0,2,0,2,11,18,42
2021,145,whitetail,0,0,0,0,3,0,15
2021,146,whitetail,0,0,0,0,5,0,34
2021,481,whitetail,0,0,0,0,11,0,30
2021,511,whitetail,0,0,0,0,11,0,61
2021,581,whitetail,0,0,0,0,11,0,30
2021,59,whitetail,0,0,0,0,33,0,160
2021,591,whitetail,6,6,0,12,74,16,477
2021,69,whitetail,6,14,3,23,52,44,455
2021,691,whitetail,0,0,0,0,6,0,11
2021,84,whitetail,6,17,0,23,138,17,702
2021,85,whitetail,8,3,0,11,47,23,474
2021,851,whitetail,6,3,0,9,30,30,141
2021,86,whitetail,0,6,0,6,17,35,138
2021,861,whitetail,0,0,0,0,3,0,6
2021,104,whitetail,9,7,9,25,44,57,142
2021,105,whitetail,11,9,0,20,99,20,409
2021,106,whitetail,0,7,0,7,25,28,72
2021,107,whitetail,23,26,3,52,165,32,509
2021,109,whitetail,29,8,3,40,168,24,727
2021,110,whitetail,15,0,0,15,29,52,150
2021,111,whitetail,7,2,5,14,24,58,63
2021,112,whitetail,6,0,0,6,21,29,51
2021,113,whitetail,0,0,0,0,32,0,87
2021,114,whitetail,0,5,0,5,16,31,34
2021,115,whitetail,0,0,0,0,8,0,24
2021,116,whitetail,30,17,4,51,124,41,477
2021,117,whitetail,0,8,0,8,40,20,156
2021,118,whitetail,0,2,0,2,6,33,30
2021,119,whitetail,0,11,0,11,21,52,46
2021,120,whitetail,0,0,0,0,17,0,34
2021,121,whitetail,6,6,0,12,26,46,97
2021,122,whitetail,13,10,3,26,47,55,155
2021,123,whitetail,5,0,0,5,8,63,20
2021,124,whitetail,8,0,0,8,8,100,26
2021,125,whitetail,0,17,0,17,68,25,252
2021,126,whitetail,8,6,4,18,58,31,172
2021,127,whitetail,11,10,3,24,52,46,235
2021,128,whitetail,4,3,0,7,32,22,127
2021,129,whitetail,12,15,0,27,45,60,182
2021,130,whitetail,0,0,0,0,10,0,38
2021,132,whitetail,17,10,4,31,39,79,105
2021,134,whitetail,7,8,0,15,15,100,29
2021,135,whitetail,0,4,0,4,20,20,83
2021,137,whitetail,0,0,0,0,5,0,32
2021,138,whitetail,0,0,0,0,3,0,23
2021,139,whitetail,14,5,0,19,40,48,143
2021,141,whitetail,0,3,0,3,6,50,8
2021,143,whitetail,21,0,0,21,40,53,190
2021,144,whitetail,27,2,0,29,83,35,353
2021,145,whitetail,10,0,0,10,43,23,125
2021,146,whitetail,10,10,0,20,40,50,156
2021,147,whitetail,3,1,0,4,13,31,23
2021,91,season_choice,0,20,5,25,83,30,264
2021,92,season_choice,0,22,4,26,70,37,326
2021,93,season_choice,40,54,12,106,397,27,2492
2021,96,season_choice,0,56,14,70,191,37,1453
2021,101,season_choice,48,28,7,83,247,34,1390
2021,4,rifle_2nd,1,11,0,12,24,50,97
2021,13,rifle_2nd,0,0,0,0,4,0,19
2021,33,rifle_2nd,0,66,0,66,115,57,542
2021,41,rifle_2nd,0,13,0,13,30,43,367
2021,56,rifle_2nd,0,5,0,5,8,63,30
2021,57,rifle_2nd,0,3,0,3,4,75,8
2021,581,rifle_2nd,0,15,0,15,36,42,320
2021,69,rifle_2nd,0,10,0,10,30,33,208
2021,85,rifle_2nd,0,54,0,54,101,53,538
2021,104,rifle_2nd,0,259,18,277,454,61,6094
2021,29,rifle_2nd,0,1,0,1,1,100,2
2021,30,rifle_2nd,0,5,0,5,12,42,24
2021,36,rifle_2nd,0,0,0,0,1,0,1
2021,38,rifle_2nd,4,0,0,4,8,50,16
2021,40,rifle_2nd,0,0,1,1,6,17,18
2021,41,rifle_2nd,0,10,0,10,26,38,72
2021,411,rifle_2nd,0,3,0,3,5,60,6
2021,42,rifle_2nd,0,0,0,0,1,0,5
2021,421,rifle_2nd,0,5,0,5,5,100,5
2021,44,rifle_2nd,1,0,0,1,2,50,36
2021,511,rifle_2nd,0,19,0,19,19,100,25
2021,512,rifle_2nd,15,10,0,25,28,89,32
2021,521,rifle_2nd,0,1,0,1,1,100,2
2021,55,rifle_2nd,1,0,0,1,1,100,1
2021,551,rifle_2nd,1,0,0,1,1,100,3
2021,57,rifle_2nd,0,1,0,1,1,100,1
2021,581,rifle_2nd,0,28,0,28,35,80,77
2021,62,rifle_2nd,0,52,0,52,86,60,379
2021,64,rifle_2nd,0,7,0,7,11,64,29
2021,65,rifle_2nd,0,5,0,5,5,100,13
2021,68,rifle_2nd,0,2,0,2,2,100,2
2021,681,rifle_2nd,0,10,1,11,13,85,24
2021,69,rifle_2nd,0,29,0,29,34,85,51
2021,691,rifle_2nd,0,4,0,4,4,100,4
2021,711,rifle_2nd,0,2,0,2,2,100,2
2021,741,rifle_2nd,0,2,1,3,5,60,7
2021,75,rifle_2nd,0,0,0,0,2,0,2
2021,771,rifle_2nd,1,0,0,1,1,100,2
2021,79,rifle_2nd,0,5,0,5,10,50,16
2021,80,rifle_2nd,0,1,0,1,3,33,10
2021,81,rifle_2nd,0,18,0,18,19,95,76
2021,83,rifle_2nd,0,14,0,14,16,88,22
2021,84,rifle_2nd,0,93,0,93,111,84,183
2021,85,rifle_2nd,0,2,0,2,3,67,3
2021,86,rifle_2nd,0,0,0,0,1,0,1
2021,91,rifle_2nd,0,10,0,10,13,77,42
2021,95,rifle_2nd,0,9,0,9,12,75,35
2021,96,rifle_2nd,0,24,0,24,57,42,225
2021,98,rifle_2nd,0,3,2,5,5,100,15
2021,99,rifle_2nd,0,11,0,11,29,38,72
2021,102,rifle_2nd,0,9,1,10,12,83,30
2021,104,rifle_2nd,0,4,0,4,8,50,21
2021,105,rifle_2nd,0,7,0,7,10,70,22
2021,107,rifle_2nd,3,1,0,4,10,40,21
2021,116,rifle_2nd,0,2,0,2,3,67,4
2021,123,rifle_2nd,0,2,0,2,4,50,9
2021,125,rifle_2nd,0,7,0,7,16,44,28
2021,133,rifle_2nd,0,0,0,0,1,0,1
2021,135,rifle_2nd,0,7,0,7,10,70,13
2022,1,all,15,0,0,15,16,94,53
2022,2,all,38,0,0,38,44,86,215
2022,201,all,51,0,0,51,63,81,249
2022,3,all,1104,451,14,1570,2278,69,7832
2022,301,all,645,173,9,826,1286,64,4219
2022,4,all,734,323,34,1093,1703,64,6648
2022,441,all,170,41,7,218,407,54,1407
2022,5,all,148,88,6,242,420,58,1792
2022,6,all,119,0,0,119,226,53,1028
2022,7,all,73,22,0,95,1162,8,5933
2022,8,all,121,46,2,168,1307,13,6083
2022,9,all,40,46,0,86,226,38,1178
2022,10,all,50,0,0,50,61,82,265
2022,11,all,432,251,15,698,1362,51,5647
2022,211,all,342,119,18,479,1002,48,3878
2022,12,all,346,121,28,495,1289,38,5528
2022,13,all,210,22,5,237,539,44,1863
2022,131,all,3,3,0,6,94,7,527
2022,231,all,26,9,0,35,160,22,829
2022,14,all,35,43,0,78,307,25,1567
2022,214,all,37,21,0,58,162,36,688
2022,15,all,252,67,9,328,1314,25,6801
2022,16,all,59,0,0,59,129,46,602
2022,161,all,140,0,0,140,232,61,1057
2022,17,all,37,0,0,37,102,36,451
2022,171,all,34,0,0,34,135,25,693
2022,18,all,189,176,19,383,2648,14,10674
2022,181,all,100,75,0,174,838,21,3442
2022,19,all,207,112,4,323,973,33,3826
2022,191,all,346,156,9,511,1259,41,4173
2022,20,all,528,213,11,752,1889,40,14028
2022,21,all,362,0,0,362,425,85,1983
2022,22,all,456,152,22,630,1063,59,4875
2022,23,all,285,64,8,356,1173,30,5363
2022,24,all,31,9,5,45,362,12,1596
2022,25,all,225,34,4,262,950,28,4548
2022,26,all,125,37,5,167,526,32,2090
2022,27,all,72,90,0,162,839,19,3424
2022,28,all,165,96,27,288,1928,15,7780
2022,29,all,126,82,3,211,890,24,3955
2022,30,all,116,23,2,142,255,55,1073
2022,31,all,287,3,0,290,538,54,2516
2022,32,all,86,0,0,86,188,46,831
2022,33,all,307,32,0,338,1242,27,6393
2022,34,all,74,27,0,101,661,15,3008
2022,35,all,340,31,4,375,863,43,3001
2022,36,all,303,68,0,371,953,39,3766
2022,361,all,65,4,0,68,226,30,894
2022,37,all,171,120,27,318,1426,22,5639
2022,371,all,28,35,7,69,342,20,1259
2022,38,all,114,60,10,185,1111,17,5826
2022,39,all,120,65,4,189,663,29,3221
2022,391,all,74,32,0,107,337,32,2927
2022,40,all,270,1,0,271,400,68,1920
2022,41,all,326,39,0,364,823,44,4350
2022,411,all,159,68,0,227,428,53,1640
2022,42,all,426,14,0,440,826,53,3620
2022,421,all,330,11,0,341,775,44,3748
2022,43,all,383,28,2,413,890,46,4572
2022,44,all,127,27,5,158,275,58,1391
2022,444,all,260,63,6,329,704,47,3335
2022,45,all,73,0,0,73,304,24,1446
2022,46,all,99,58,6,164,400,41,1980
2022,461,all,113,52,0,164,376,44,2617
2022,47,all,61,2,0,63,172,37,694
2022,471,all,18,4,0,22,98,22,500
2022,48,all,58,5,0,63,234,27,1223
2022,481,all,110,26,2,138,289,48,1337
2022,49,all,384,31,0,415,713,58,2616
2022,50,all,74,10,0,84,269,31,1284
2022,500,all,4,3,0,7,90,7,480
2022,501,all,197,91,0,288,511,56,2199
2022,51,all,210,61,0,270,499,54,2517
2022,511,all,260,103,8,371,571,65,2523
2022,512,all,13,6,0,19,24,80,27
2022,52,all,330,88,3,421,847,50,3602
2022,521,all,160,0,0,160,456,35,2329
2022,53,all,233,15,0,248,335,74,1455
2022,54,all,312,41,2,355,569,62,2836
2022,55,all,268,168,10,447,659,68,2865
2022,551,all,185,82,5,272,425,64,2068
2022,56,all,142,19,2,163,306,53,1296
2022,561,all,68,2,0,69,151,46,596
2022,57,all,126,28,0,155,308,50,1039
2022,58,all,188,21,0,209,484,43,2096
2022,581,all,260,54,3,317,537,59,2445
2022,59,all,66,13,0,79,162,49,659
2022,591,all,55,15,0,70,156,45,1283
2022,60,all,118,1,1,120,186,64,889
2022,61,all,120,0,0,120,228,53,1307
2022,62,all,541,57,1,598,1246,48,6283
2022,63,all,257,32,2,290,351,83,1438
2022,64,all,98,7,0,105,324,32,1248
2022,65,all,373,4,0,377,747,51,3360
2022,66,all,249,103,2,355,453,78,1947
2022,67,all,214,106,6,326,475,69,2079
2022,68,all,221,0,0,221,479,46,2191
2022,681,all,169,9,0,178,352,51,1673
2022,682,all,4,0,0,4,29,13,64
2022,69,all,388,88,6,482,996,48,3953
2022,691,all,19,8,0,26,97,27,434
2022,70,all,747,9,0,757,1113,68,5304
2022,71,all,134,0,0,134,407,33,2224
2022,711,all,365,0,0,365,638,57,2854
2022,72,all,458,87,0,545,860,63,3242
2022,73,all,254,20,0,274,571,48,2612
2022,74,all,102,0,0,102,312,33,1809
2022,741,all,195,28,0,222,372,60,1598
2022,75,all,314,117,2,433,1046,41,4622
2022,751,all,318,55,0,373,769,49,3277
2022,76,all,42,0,0,42,74,57,457
2022,77,all,408,51,2,461,1044,44,4540
2022,771,all,263,46,4,313,525,60,2015
2022,78,all,333,23,0,356,855,42,4033
2022,79,all,133,27,0,160,276,58,1103
2022,791,all,5,2,0,7,21,33,101
2022,80,all,295,0,0,295,515,57,2298
2022,81,all,285,16,0,301,558,54,2962
2022,82,all,190,0,0,190,395,48,1837
2022,83,all,75,13,0,88,100,89,315
2022,84,all,461,115,0,575,1049,55,4312
2022,85,all,311,67,0,378,726,52,3749
2022,851,all,72,5,0,77,113,68,474
2022,86,all,145,27,0,172,396,43,1607
2022,861,all,12,9,0,21,78,27,280
2022,87,all,77,73,13,163,685,24,3943
2022,88,all,54,25,0,79,201,39,684
2022,89,all,77,32,2,111,242,46,847
2022,90,all,22,21,0,43,76,56,299
2022,91,all,47,76,12,135,372,36,1744
2022,92,all,56,52,3,111,366,30,1592
2022,93,all,71,71,7,149,539,28,2826
2022,94,all,100,40,10,150,253,59,1393
2022,95,all,59,40,5,104,292,36,1429
2022,951,all,112,38,0,150,329,46,1952
2022,96,all,183,109,7,298,681,44,3366
2022,97,all,29,13,3,44,96,46,372
2022,98,all,125,75,0,201,393,51,1861
2022,99,all,125,76,4,205,464,44,2071
2022,100,all,54,39,3,96,184,52,711
2022,101,all,91,48,2,141,417,34,1952
2022,102,all,87,40,3,131,329,40,1409
2022,103,all,54,56,12,122,391,31,1682
2022,104,all,229,241,11,480,1036,46,8053
2022,105,all,284,125,6,415,833,50,3198
2022,106,all,54,18,0,72,135,54,446
2022,107,all,106,55,10,170,387,44,1337
2022,109,all,125,61,3,189,474,40,1850
2022,110,all,97,28,6,130,307,42,1653
2022,111,all,64,18,2,84,147,57,599
2022,112,all,37,14,0,52,109,47,510
2022,113,all,18,11,2,31,86,36,294
2022,114,all,30,5,0,34,93,37,338
2022,115,all,20,13,0,33,83,40,289
2022,116,all,85,27,5,118,264,45,1107
2022,117,all,38,13,3,54,145,37,555
2022,118,all,27,12,0,39,99,39,423
2022,119,all,41,11,0,51,127,40,572
2022,120,all,34,33,3,70,119,59,442
2022,121,all,44,8,0,52,101,51,433
2022,122,all,90,44,0,134,277,48,1163
2022,123,all,39,17,0,56,163,34,1484
2022,124,all,34,21,0,55,118,47,581
2022,125,all,52,34,5,91,258,35,1544
2022,126,all,50,31,8,89,289,31,1239
2022,127,all,56,58,7,121,268,45,987
2022,128,all,63,31,0,94,196,48,1366
2022,129,all,36,21,4,61,123,49,626
2022,130,all,33,4,0,36,116,31,710
2022,132,all,88,19,2,108,201,54,664
2022,133,all,9,4,0,13,46,28,270
2022,134,all,36,8,0,44,76,58,446
2022,135,all,24,29,0,53,114,47,630
2022,136,all,63,17,0,80,174,46,703
2022,137,all,44,13,0,56,102,55,418
2022,138,all,1,0,0,1,9,15,23
2022,139,all,81,34,2,116,232,50,1049
2022,140,all,71,4,0,75,218,34,1041
2022,141,all,15,7,0,23,37,62,191
2022,142,all,19,17,0,36,82,44,521
2022,143,all,14,7,0,21,65,32,250
2022,144,all,49,23,0,72,156,46,592
2022,145,all,13,4,0,17,47,35,185
2022,146,all,51,12,0,63,198,32,1410
2022,147,all,17,3,0,20,81,24,331
2022,1,rifle_all,15,0,0,15,16,94,53
2022,2,rifle_all,31,0,0,31,34,94,156
2022,201,rifle_all,43,0,0,43,48,90,177
2022,3,rifle_all,1066,443,14,1523,2181,70,7349
2022,301,rifle_all,645,173,9,826,1264,65,4144
2022,4,rifle_all,720,314,32,1068,1568,68,5889
2022,441,rifle_all,163,38,7,207,367,57,1196
2022,5,rifle_all,116,60,6,182,284,64,996
2022,6,rifle_all,103,0,0,103,137,75,548
2022,7,rifle_all,30,17,0,47,582,8,2273
2022,8,rifle_all,49,17,2,68,694,10,2804
2022,9,rifle_all,40,39,0,79,178,44,908
2022,10,rifle_all,45,0,0,45,52,87,210
2022,11,rifle_all,430,251,15,695,1303,53,5314
2022,211,rifle_all,342,116,18,476,973,49,3739
2022,12,rifle_all,334,118,28,480,1149,42,4791
2022,13,rifle_all,203,22,5,230,523,44,1777
2022,131,rifle_all,0,0,0,0,59,0,233
2022,231,rifle_all,14,2,0,16,88,18,383
2022,14,rifle_all,14,14,0,28,158,18,624
2022,214,rifle_all,20,6,0,26,86,30,277
2022,15,rifle_all,225,52,9,286,1025,28,4792
2022,16,rifle_all,47,0,0,47,97,48,380
2022,161,rifle_all,104,0,0,104,147,70,587
2022,17,rifle_all,30,0,0,30,83,37,379
2022,171,rifle_all,26,0,0,26,101,26,496
2022,18,rifle_all,178,115,19,311,2001,16,7473
2022,181,rifle_all,92,75,0,167,709,24,2711
2022,19,rifle_all,207,63,4,273,709,39,2159
2022,191,rifle_all,338,152,9,498,996,50,3196
2022,20,rifle_all,503,189,8,700,1591,44,12160
2022,21,rifle_all,331,0,0,331,363,91,1490
2022,22,rifle_all,442,149,22,614,971,63,4306
2022,23,rifle_all,249,49,8,306,934,33,4128
2022,24,rifle_all,23,0,5,29,239,12,1049
2022,25,rifle_all,219,28,4,251,814,31,3678
2022,26,rifle_all,120,35,5,160,459,35,1713
2022,27,rifle_all,64,57,0,122,672,18,2419
2022,28,rifle_all,154,74,27,256,1512,17,5402
2022,29,rifle_all,115,58,3,177,678,26,2789
2022,30,rifle_all,105,10,2,117,177,66,700
2022,31,rifle_all,230,0,0,230,412,56,1747
2022,32,rifle_all,60,0,0,60,108,55,331
2022,33,rifle_all,264,21,0,285,961,30,4616
2022,34,rifle_all,60,19,0,79,492,16,2062
2022,35,rifle_all,318,31,4,353,729,48,2389
2022,36,rifle_all,283,42,0,325,797,41,2824
2022,361,rifle_all,65,4,0,68,198,35,757
2022,37,rifle_all,136,81,27,244,1020,24,3425
2022,371,rifle_all,20,27,7,54,253,22,781
2022,38,rifle_all,102,52,10,164,883,19,4153
2022,39,rifle_all,75,51,4,130,392,33,1579
2022,391,rifle_all,60,32,0,92,293,32,2655
2022,40,rifle_all,196,1,0,197,290,68,1142
2022,41,rifle_all,281,31,0,312,630,50,2748
2022,411,rifle_all,151,68,0,219,414,53,1536
2022,42,rifle_all,398,5,0,403,687,59,2824
2022,421,rifle_all,255,0,0,255,481,53,1863
2022,43,rifle_all,295,16,2,313,577,54,2406
2022,44,rifle_all,97,18,5,119,162,74,652
2022,444,rifle_all,212,47,6,266,522,51,2106
2022,45,rifle_all,24,0,0,24,173,14,665
2022,46,rifle_all,72,42,6,120,261,46,1217
2022,461,rifle_all,100,43,0,144,316,46,2249
2022,47,rifle_all,58,0,0,58,116,50,496
2022,471,rifle_all,14,0,0,14,44,31,184
2022,48,rifle_all,41,0,0,41,118,35,488
2022,481,rifle_all,95,26,2,123,214,58,757
2022,49,rifle_all,346,29,0,375,566,66,1815
2022,50,rifle_all,69,0,0,69,183,38,685
2022,500,rifle_all,4,0,0,4,30,13,62
2022,501,rifle_all,178,73,0,251,354,71,1198
2022,51,rifle_all,166,35,0,200,347,58,1446
2022,511,rifle_all,187,95,5,288,389,74,1188
2022,512,rifle_all,13,6,0,19,24,80,27
2022,52,rifle_all,317,88,3,407,784,52,3253
2022,521,rifle_all,127,0,0,127,370,34,1438
2022,53,rifle_all,216,15,0,231,279,83,1145
2022,54,rifle_all,277,41,2,320,471,68,2127
2022,55,rifle_all,218,168,10,396,559,71,2231
2022,551,rifle_all,141,82,5,228,341,67,1445
2022,56,rifle_all,133,19,2,154,251,61,966
2022,561,rifle_all,63,0,0,63,116,54,397
2022,57,rifle_all,121,28,0,149,271,55,819
2022,58,rifle_all,171,13,0,183,356,52,1262
2022,581,rifle_all,226,28,3,258,391,66,1512
2022,59,rifle_all,43,8,0,51,113,45,460
2022,591,rifle_all,55,15,0,70,152,46,1266
2022,60,rifle_all,98,1,1,100,145,69,647
2022,61,rifle_all,105,0,0,105,167,63,757
2022,62,rifle_all,464,57,1,522,989,53,4149
2022,63,rifle_all,208,32,2,242,283,85,1060
2022,64,rifle_all,90,7,0,97,265,37,999
2022,65,rifle_all,340,4,0,344,597,58,2414
2022,66,rifle_all,194,103,2,300,330,91,1250
2022,67,rifle_all,179,106,6,291,365,80,1352
2022,68,rifle_all,199,0,0,199,354,56,1456
2022,681,rifle_all,153,9,0,161,258,63,1029
2022,682,rifle_all,4,0,0,4,20,18,31
2022,69,rifle_all,318,63,3,383,778,49,2763
2022,691,rifle_all,19,2,0,21,84,25,349
2022,70,rifle_all,699,9,0,708,958,74,4079
2022,71,rifle_all,120,0,0,120,299,40,1298
2022,711,rifle_all,342,0,0,342,576,59,2389
2022,72,rifle_all,394,87,0,481,739,65,2576
2022,73,rifle_all,200,20,0,220,450,49,1576
2022,74,rifle_all,48,0,0,48,153,32,629
2022,741,rifle_all,190,21,0,210,319,66,1259
2022,75,rifle_all,260,97,2,358,797,45,3061
2022,751,rifle_all,281,43,0,324,587,55,2321
2022,76,rifle_all,25,0,0,25,37,66,142
2022,77,rifle_all,351,26,2,380,748,51,3045
2022,771,rifle_all,259,41,4,303,492,62,1892
2022,78,rifle_all,280,13,0,293,626,47,2624
2022,79,rifle_all,127,27,0,154,252,61,991
2022,791,rifle_all,3,2,0,5,16,33,77
2022,80,rifle_all,235,0,0,235,351,67,1272
2022,81,rifle_all,189,16,0,205,311,66,1244
2022,82,rifle_all,159,0,0,159,303,53,1285
2022,83,rifle_all,57,13,0,70,82,86,260
2022,84,rifle_all,400,99,0,499,882,57,3353
2022,85,rifle_all,250,67,0,317,604,53,2736
2022,851,rifle_all,62,5,0,67,92,73,374
2022,86,rifle_all,129,22,0,151,304,50,1063
2022,861,rifle_all,12,9,0,21,66,32,213
2022,87,rifle_all,77,73,13,163,644,25,3575
2022,88,rifle_all,52,25,0,77,174,44,522
2022,89,rifle_all,67,28,2,97,212,46,674
2022,90,rifle_all,22,21,0,43,70,61,218
2022,91,rifle_all,30,70,6,106,269,39,1015
2022,92,rifle_all,41,42,3,86,259,33,1070
2022,93,rifle_all,65,66,7,137,495,28,2588
2022,94,rifle_all,48,37,10,95,167,57,632
2022,95,rifle_all,50,38,5,93,250,37,1059
2022,951,rifle_all,93,33,0,126,249,51,894
2022,96,rifle_all,128,104,7,238,543,44,2360
2022,97,rifle_all,27,13,3,42,84,50,326
2022,98,rifle_all,107,75,0,183,335,55,1334
2022,99,rifle_all,105,76,4,185,384,48,1608
2022,100,rifle_all,52,39,3,94,165,57,615
2022,101,rifle_all,80,46,2,127,349,36,1535
2022,102,rifle_all,83,35,3,121,258,47,966
2022,103,rifle_all,35,39,12,85,300,28,1097
2022,104,rifle_all,97,239,11,347,688,50,4836
2022,105,rifle_all,239,123,6,368,660,56,2291
2022,106,rifle_all,43,18,0,61,97,63,285
2022,107,rifle_all,100,52,10,162,351,46,1121
2022,109,rifle_all,114,55,3,172,373,46,1369
2022,110,rifle_all,32,21,4,57,123,47,424
2022,111,rifle_all,48,13,2,63,115,55,402
2022,112,rifle_all,28,11,0,39,66,58,162
2022,113,rifle_all,15,10,2,27,65,42,213
2022,114,rifle_all,30,2,0,32,83,38,304
2022,115,rifle_all,20,13,0,33,70,47,229
2022,116,rifle_all,81,27,2,111,224,49,745
2022,117,rifle_all,34,13,3,50,123,41,406
2022,118,rifle_all,20,12,0,31,75,42,247
2022,119,rifle_all,38,11,0,49,87,56,244
2022,120,rifle_all,26,32,3,61,101,61,355
2022,121,rifle_all,32,8,0,40,68,60,206
2022,122,rifle_all,73,42,0,115,179,64,616
2022,123,rifle_all,26,14,0,40,103,39,405
2022,124,rifle_all,30,15,0,45,84,53,228
2022,125,rifle_all,41,24,5,70,161,44,723
2022,126,rifle_all,40,28,8,75,209,36,847
2022,127,rifle_all,53,52,7,113,195,58,643
2022,128,rifle_all,34,25,0,59,114,52,368
2022,129,rifle_all,28,16,4,48,86,56,292
2022,130,rifle_all,24,4,0,27,66,42,216
2022,132,rifle_all,82,19,2,102,163,63,447
2022,133,rifle_all,9,4,0,13,32,41,201
2022,134,rifle_all,21,6,0,26,54,48,214
2022,135,rifle_all,17,24,0,40,61,66,244
2022,136,rifle_all,54,17,0,71,152,47,573
2022,137,rifle_all,40,13,0,53,93,56,326
2022,138,rifle_all,1,0,0,1,9,15,23
2022,139,rifle_all,75,34,2,111,198,56,803
2022,140,rifle_all,51,4,0,55,160,34,639
2022,141,rifle_all,15,7,0,23,30,75,99
2022,142,rifle_all,12,17,0,29,37,78,152
2022,143,rifle_all,14,7,0,21,56,37,227
2022,144,rifle_all,39,21,0,60,126,48,380
2022,145,rifle_all,13,4,0,17,39,43,119
2022,146,rifle_all,39,10,0,49,120,41,561
2022,147,rifle_all,17,3,0,20,60,33,242
2022,6,rifle_high_country,28,0,0,28,52,55,213
2022,7,rifle_high_country,2,0,0,2,11,14,31
2022,14,rifle_high_country,10,0,0,10,32,30,116
2022,16,rifle_high_country,29,0,0,29,50,58,158
2022,161,rifle_high_country,39,0,0,39,62,64,208
2022,17,rifle_high_country,22,0,0,22,39,55,137
2022,171,rifle_high_country,20,0,0,20,42,47,177
2022,24,rifle_high_country,2,0,0,2,10,15,66
2022,36,rifle_high_country,0,0,0,0,9,0,54
2022,43,rifle_high_country,20,0,0,20,39,52,193
2022,44,rifle_high_country,2,0,0,2,5,33,26
2022,444,rifle_high_country,0,0,0,0,9,0,27
2022,45,rifle_high_country,3,0,0,3,11,29,45
2022,47,rifle_high_country,15,0,0,15,36,43,167
2022,471,rifle_high_country,9,0,0,9,28,31,133
2022,48,rifle_high_country,4,0,0,4,11,32,45
2022,481,rifle_high_country,2,0,0,2,5,33,11
2022,56,rifle_high_country,5,0,0,5,7,75,25
2022,561,rifle_high_country,4,0,0,4,4,100,12
2022,65,rifle_high_country,16,0,0,16,25,63,100
2022,74,rifle_high_country,13,0,0,13,26,51,101
2022,82,rifle_high_country,6,0,0,6,18,31,69
2022,86,rifle_high_country,16,0,0,16,22,75,58
2022,861,rifle_high_country,0,0,0,0,2,0,2
2022,87,rifle_plains,29,14,3,45,199,23,776
2022,88,rifle_plains,52,25,0,77,174,44,522
2022,89,rifle_plains,67,28,2,97,212,46,674
2022,90,rifle_plains,22,21,0,43,70,61,218
2022,91,rifle_plains,30,38,6,74,185,40,625
2022,92,rifle_plains,41,12,3,56,185,30,691
2022,93,rifle_plains,26,20,0,46,101,46,316
2022,94,rifle_plains,48,33,10,91,163,56,628
2022,95,rifle_plains,50,31,5,86,241,36,985
2022,951,rifle_plains,93,33,0,126,249,51,894
2022,96,rifle_plains,128,28,0,157,348,45,1281
2022,97,rifle_plains,27,13,3,42,84,50,326
2022,98,rifle_plains,106,75,0,182,334,54,1324
2022,99,rifle_plains,105,62,4,171,361,48,1359
2022,100,rifle_plains,52,39,3,94,165,57,615
2022,101,rifle_plains,38,18,0,55,100,56,348
2022,102,rifle_plains,83,35,3,121,258,47,966
2022,103,rifle_plains,34,35,11,79,275,29,1062
2022,104,rifle_plains,82,35,9,126,293,43,1092
2022,105,rifle_plains,234,89,4,327,549,60,1897
2022,106,rifle_plains,43,15,0,58,83,70,256
2022,107,rifle_plains,89,41,10,139,217,64,778
2022,109,rifle_plains,90,45,3,138,255,54,948
2022,110,rifle_plains,27,19,4,49,107,46,372
2022,111,rifle_plains,37,7,2,46,78,59,257
2022,112,rifle_plains,25,7,0,32,46,68,124
2022,113,rifle_plains,12,8,2,22,44,50,146
2022,114,rifle_plains,30,0,0,30,73,41,262
2022,115,rifle_plains,17,10,0,26,54,48,184
2022,116,rifle_plains,69,17,0,86,128,67,477
2022,117,rifle_plains,28,11,3,42,88,48,306
2022,118,rifle_plains,20,10,0,30,73,41,243
2022,119,rifle_plains,32,6,0,38,67,56,196
2022,120,rifle_plains,23,25,0,48,85,56,326
2022,121,rifle_plains,32,6,0,38,58,65,178
2022,122,rifle_plains,70,35,0,106,153,69,506
2022,123,rifle_plains,18,14,0,32,87,37,316
2022,124,rifle_plains,30,15,0,45,75,60,204
2022,125,rifle_plains,34,4,0,38,80,47,375
2022,126,rifle_plains,23,13,8,43,118,37,499
2022,127,rifle_plains,38,33,6,78,126,62,375
2022,128,rifle_plains,32,5,0,37,71,52,224
2022,129,rifle_plains,16,7,3,25,46,54,161
2022,130,rifle_plains,20,4,0,24,56,42,196
2022,132,rifle_plains,71,13,0,84,129,65,336
2022,133,rifle_plains,9,0,0,9,22,41,170
2022,134,rifle_plains,12,2,0,14,34,40,148
2022,135,rifle_plains,17,8,0,25,43,57,205
2022,136,rifle_plains,20,2,0,22,73,30,286
2022,137,rifle_plains,40,13,0,53,88,60,309
2022,138,rifle_plains,1,0,0,1,8,18,21
2022,139,rifle_plains,55,20,2,77,112,69,438
2022,141,rifle_plains,15,7,0,23,30,75,99
2022,142,rifle_plains,12,17,0,29,37,78,152
2022,143,rifle_plains,11,7,0,17,48,36,202
2022,144,rifle_plains,35,20,0,55,103,54,299
2022,145,rifle_plains,11,4,0,15,27,55,77
2022,146,rifle_plains,28,8,0,35,79,45,379
2022,147,rifle_plains,15,3,0,18,44,41,177
2022,3,ranching,50,14,0,63,92,69,162
2022,301,ranching,34,14,1,49,65,75,171
2022,4,ranching,65,30,1,97,114,85,232
2022,441,ranching,14,6,0,20,22,91,59
2022,5,ranching,36,24,0,60,78,76,181
2022,6,ranching,4,0,0,4,4,100,18
2022,10,ranching,0,0,0,0,2,0,8
2022,11,ranching,6,1,1,8,15,53,34
2022,211,ranching,30,6,0,36,39,92,62
2022,12,ranching,0,5,0,5,11,48,44
2022,214,ranching,5,6,0,11,11,100,22
2022,23,ranching,12,2,0,14,16,88,43
2022,25,ranching,30,4,3,36,49,73,152
2022,40,ranching,15,0,0,15,16,94,48
2022,85,ranching,1,0,0,1,3,33,13
2022,851,ranching,13,0,0,13,16,81,36
2022,104,ranching,12,10,0,22,24,92,62
2022,136,ranching,34,15,0,49,69,71,257
2022,140,ranching,8,1,0,9,20,46,71
2022,6,early_late,0,0,0,0,9,0,36
2022,7,early_late,2,0,0,2,11,14,31
2022,9,early_late,40,22,0,62,158,40,850
2022,14,early_late,10,0,0,10,32,30,116
2022,16,early_late,5,0,0,5,11,42,31
2022,161,early_late,5,0,0,5,16,31,50
2022,19,early_late,0,5,0,5,32,14,133
2022,191,early_late,0,60,5,64,83,78,202
2022,20,early_late,307,181,8,495,1061,47,10284
2022,24,early_late,2,0,0,2,10,15,66
2022,29,early_late,30,24,3,57,167,34,1147
2022,33,early_late,0,7,0,7,31,22,83
2022,36,early_late,0,0,0,0,9,0,54
2022,38,early_late,47,42,10,100,475,21,2804
2022,39,early_late,0,34,4,39,81,48,475
2022,391,early_late,57,32,0,89,286,31,2637
2022,411,early_late,2,65,0,67,104,65,413
2022,43,early_late,20,0,0,20,39,52,193
2022,44,early_late,2,0,0,2,5,33,26
2022,444,early_late,0,0,0,0,9,0,27
2022,45,early_late,3,0,0,3,11,29,45
2022,46,early_late,0,17,4,21,34,63,458
2022,461,early_late,96,43,0,139,310,45,2241
2022,47,early_late,15,0,0,15,36,43,167
2022,471,early_late,9,0,0,9,28,31,133
2022,48,early_late,4,0,0,4,29,12,98
2022,481,early_late,2,3,0,5,17,30,42
2022,51,early_late,29,35,0,64,141,45,745
2022,511,early_late,0,0,0,0,3,0,5
2022,52,early_late,0,88,3,91,185,49,1106
2022,53,early_late,0,15,0,15,23,67,203
2022,56,early_late,10,0,0,10,14,73,37
2022,561,early_late,4,0,0,4,6,67,14
2022,58,early_late,3,0,0,3,8,33,23
2022,581,early_late,5,3,0,8,10,75,33
2022,59,early_late,0,0,0,0,30,0,140
2022,591,early_late,55,15,0,70,152,46,1266
2022,62,early_late,20,20,0,40,63,64,157
2022,63,early_late,0,32,0,32,37,85,130
2022,64,early_late,5,0,0,5,7,67,20
2022,65,early_late,21,0,0,21,37,56,125
2022,69,early_late,13,5,0,18,53,33,278
2022,691,early_late,0,0,0,0,3,0,5
2022,72,early_late,0,16,0,16,26,63,82
2022,73,early_late,0,20,0,20,23,86,46
2022,74,early_late,13,0,0,13,26,51,101
2022,75,early_late,0,58,0,58,79,74,344
2022,751,early_late,0,17,0,17,25,67,99
2022,77,early_late,0,0,0,0,4,0,18
2022,771,early_late,0,32,4,35,42,85,126
2022,78,early_late,0,4,0,4,7,50,15
2022,79,early_late,0,20,0,20,44,45,116
2022,791,early_late,0,2,0,2,10,20,69
2022,82,early_late,6,0,0,6,18,31,69
2022,84,early_late,13,18,0,30,140,21,780
2022,85,early_late,3,8,0,10,45,22,220
2022,851,early_late,5,5,0,10,20,50,143
2022,86,early_late,16,0,0,16,27,61,153
2022,861,early_late,3,0,0,3,11,22,16
2022,87,early_late,21,0,0,21,93,22,424
2022,88,early_late,30,11,0,41,75,55,180
2022,89,early_late,37,11,0,48,107,45,352
2022,90,early_late,8,4,0,12,31,37,93
2022,91,early_late,13,16,6,35,104,34,402
2022,92,early_late,24,9,0,33,124,27,486
2022,93,early_late,13,17,0,29,53,55,173
2022,94,early_late,27,17,3,48,89,54,370
2022,95,early_late,20,11,0,30,121,25,547
2022,951,early_late,40,24,0,64,124,51,537
2022,96,early_late,99,9,0,109,221,49,933
2022,97,early_late,10,11,3,24,47,50,196
2022,98,early_late,44,22,0,66,173,38,737
2022,99,early_late,58,41,0,99,200,49,830
2022,100,early_late,23,16,0,40,83,48,345
2022,101,early_late,24,7,0,31,55,56,211
2022,102,early_late,75,26,3,104,229,45,846
2022,103,early_late,14,25,8,46,149,31,598
2022,104,early_late,28,30,11,68,126,54,421
2022,105,early_late,48,48,4,100,200,50,739
2022,106,early_late,18,11,0,29,38,76,127
2022,107,early_late,36,17,10,63,134,47,369
2022,109,early_late,54,30,0,84,201,42,717
2022,116,early_late,33,9,0,41,116,36,435
2022,117,early_late,16,7,0,24,73,33,242
2022,122,early_late,32,10,0,42,78,54,279
2022,125,early_late,17,10,1,28,67,42,372
2022,126,early_late,24,13,2,39,107,37,404
2022,127,early_late,28,19,4,51,89,57,341
2022,129,early_late,11,12,0,22,33,68,127
2022,130,early_late,12,4,0,15,32,47,119
2022,132,early_late,35,13,0,48,76,63,216
2022,136,early_late,5,0,0,5,21,22,70
2022,137,early_late,38,11,0,49,82,60,275
2022,138,early_late,1,0,0,1,9,15,23
2022,139,early_late,37,22,2,61,98,62,407
2022,140,early_late,0,3,0,3,8,33,65
2022,141,early_late,7,5,0,12,16,77,55
2022,142,early_late,12,17,0,29,37,78,152
2022,143,early_late,11,3,0,13,44,30,208
2022,144,early_late,28,15,0,43,81,53,257
2022,145,early_late,8,4,0,12,22,54,67
2022,146,early_late,23,2,0,25,72,35,386
2022,147,early_late,4,3,0,7,20,34,60
2022,1,rifle_2nd,10,0,0,10,11,91,39
2022,2,rifle_2nd,14,0,0,14,14,100,71
2022,201,rifle_2nd,23,0,0,23,25,90,99
2022,3,rifle_2nd,427,117,4,549,775,71,2466
2022,301,rifle_2nd,222,35,0,257,380,68,1200
2022,4,rifle_2nd,246,169,7,422,647,65,2616
2022,441,rifle_2nd,70,32,2,104,196,53,674
2022,5,rifle_2nd,47,29,3,79,138,57,535
2022,6,rifle_2nd,60,0,0,60,79,75,330
2022,7,rifle_2nd,8,10,0,18,278,6,1250
2022,8,rifle_2nd,21,10,2,32,335,10,1480
2022,9,rifle_2nd,0,8,0,8,8,100,29
2022,10,rifle_2nd,28,0,0,28,30,95,118
2022,11,rifle_2nd,149,98,11,258,530,49,2139
2022,211,rifle_2nd,78,29,0,107,337,32,1455
2022,12,rifle_2nd,134,69,11,214,554,39,2417
2022,13,rifle_2nd,106,11,0,117,253,46,984
2022,131,rifle_2nd,0,0,0,0,33,0,133
2022,231,rifle_2nd,13,2,0,14,63,23,296
2022,14,rifle_2nd,4,14,0,18,119,15,488
2022,214,rifle_2nd,8,0,0,8,60,13,210
2022,15,rifle_2nd,93,26,4,123,581,21,2684
2022,16,rifle_2nd,39,0,0,39,72,54,295
2022,161,rifle_2nd,66,0,0,66,97,68,409
2022,17,rifle_2nd,27,0,0,27,67,40,292
2022,171,rifle_2nd,26,0,0,26,72,36,364
2022,18,rifle_2nd,51,58,0,108,932,12,3616
2022,181,rifle_2nd,29,28,0,57,306,19,1125
2022,19,rifle_2nd,53,29,0,81,247,33,808
2022,191,rifle_2nd,146,41,4,191,398,48,1333
2022,20,rifle_2nd,48,3,0,50,159,32,659
2022,21,rifle_2nd,262,0,0,262,286,91,1180
2022,22,rifle_2nd,195,64,16,276,470,59,2281
2022,23,rifle_2nd,82,16,3,100,404,25,1780
2022,24,rifle_2nd,8,0,5,13,151,9,719
2022,25,rifle_2nd,64,15,0,79,422,19,1989
2022,26,rifle_2nd,45,15,5,66,203,32,828
2022,27,rifle_2nd,33,32,0,65,397,16,1482
2022,28,rifle_2nd,37,30,14,81,723,11,2678
2022,29,rifle_2nd,30,15,0,45,203,22,781
2022,30,rifle_2nd,69,6,2,77,106,72,465
2022,31,rifle_2nd,101,0,0,101,187,54,892
2022,32,rifle_2nd,6,0,0,6,36,16,97
2022,33,rifle_2nd,107,0,0,107,433,25,2172
2022,34,rifle_2nd,22,0,0,22,250,9,1085
2022,35,rifle_2nd,169,21,4,193,427,45,1262
2022,36,rifle_2nd,153,21,0,173,458,38,1679
2022,361,rifle_2nd,42,0,0,42,100,42,328
2022,37,rifle_2nd,71,48,14,133,527,25,1848
2022,371,rifle_2nd,5,21,7,33,146,22,524
2022,38,rifle_2nd,10,4,0,14,130,11,526
2022,39,rifle_2nd,25,5,0,31,153,20,583
2022,391,rifle_2nd,3,0,0,3,3,100,10
2022,40,rifle_2nd,85,0,0,85,145,58,625
2022,41,rifle_2nd,192,1,0,193,424,46,1845
2022,411,rifle_2nd,95,0,0,95,187,51,689
2022,42,rifle_2nd,221,3,0,224,440,51,2016
2022,421,rifle_2nd,149,0,0,149,325,46,1372
2022,43,rifle_2nd,159,8,2,168,336,50,1488
2022,44,rifle_2nd,50,10,0,60,92,65,370
2022,444,rifle_2nd,113,31,4,147,327,45,1368
2022,45,rifle_2nd,18,0,0,18,124,15,503
2022,46,rifle_2nd,15,5,0,20,82,24,333
2022,47,rifle_2nd,30,0,0,30,47,65,226
2022,471,rifle_2nd,5,0,0,5,13,36,49
2022,48,rifle_2nd,25,0,0,25,55,46,266
2022,481,rifle_2nd,57,13,0,70,121,58,473
2022,49,rifle_2nd,235,17,0,252,358,70,1139
2022,50,rifle_2nd,36,0,0,36,99,37,392
2022,500,rifle_2nd,0,0,0,0,24,0,44
2022,501,rifle_2nd,87,35,0,122,174,70,624
2022,51,rifle_2nd,53,0,0,53,83,65,307
2022,511,rifle_2nd,98,44,0,142,174,81,582
2022,52,rifle_2nd,172,0,0,172,366,47,1412
2022,521,rifle_2nd,77,0,0,77,272,28,1073
2022,53,rifle_2nd,117,0,0,117,150,78,580
2022,54,rifle_2nd,216,16,0,232,336,69,1510
2022,55,rifle_2nd,130,101,8,239,364,66,1475
2022,551,rifle_2nd,92,55,3,150,243,62,1057
2022,56,rifle_2nd,62,3,2,67,128,52,536
2022,561,rifle_2nd,34,0,0,34,62,56,179
2022,57,rifle_2nd,65,17,0,82,140,59,327
2022,58,rifle_2nd,56,9,0,65,144,45,526
2022,581,rifle_2nd,123,0,0,123,185,67,732
2022,59,rifle_2nd,21,0,0,21,50,43,233
2022,60,rifle_2nd,44,1,1,46,70,65,302
2022,61,rifle_2nd,52,0,0,52,78,67,392
2022,62,rifle_2nd,211,7,0,218,451,48,2100
2022,63,rifle_2nd,106,0,0,106,122,87,475
2022,64,rifle_2nd,39,0,0,39,127,30,471
2022,65,rifle_2nd,140,0,0,140,317,44,1468
2022,66,rifle_2nd,139,62,0,201,226,89,890
2022,67,rifle_2nd,125,52,6,183,245,74,944
2022,68,rifle_2nd,124,0,0,124,210,59,861
2022,681,rifle_2nd,108,0,0,108,136,79,558
2022,682,rifle_2nd,4,0,0,4,18,21,23
2022,69,rifle_2nd,195,12,0,207,406,51,1437
2022,691,rifle_2nd,14,2,0,16,55,29,278
2022,70,rifle_2nd,299,7,0,305,451,68,1990
2022,71,rifle_2nd,61,0,0,61,150,40,654
2022,711,rifle_2nd,110,0,0,110,210,52,802
2022,72,rifle_2nd,180,33,0,212,299,71,1136
2022,73,rifle_2nd,52,0,0,52,158,33,621
2022,74,rifle_2nd,8,0,0,8,65,13,298
2022,741,rifle_2nd,109,8,0,117,173,68,746
2022,75,rifle_2nd,122,14,0,136,345,39,1352
2022,751,rifle_2nd,126,6,0,131,266,49,1126
2022,76,rifle_2nd,14,0,0,14,20,68,78
2022,77,rifle_2nd,221,9,2,232,445,52,1839
2022,771,rifle_2nd,74,0,0,74,163,46,624
2022,78,rifle_2nd,153,4,0,158,322,49,1440
2022,79,rifle_2nd,53,0,0,53,91,59,432
2022,80,rifle_2nd,89,0,0,89,128,70,504
2022,81,rifle_2nd,107,0,0,107,149,72,683
2022,82,rifle_2nd,67,0,0,67,143,47,597
2022,83,rifle_2nd,23,0,0,23,27,86,103
2022,84,rifle_2nd,214,19,0,233,412,57,1588
2022,85,rifle_2nd,132,0,0,132,284,47,1202
2022,851,rifle_2nd,33,0,0,33,40,83,128
2022,86,rifle_2nd,70,7,0,78,179,43,627
2022,861,rifle_2nd,3,5,0,8,41,20,170
2022,140,rifle_2nd,9,0,0,9,67,13,304
2022,1,rifle_3rd,5,0,0,5,5,100,14
2022,2,rifle_3rd,18,0,0,18,20,89,85
2022,201,rifle_3rd,15,0,0,15,18,86,67
2022,3,rifle_3rd,530,309,10,849,1226,69,4448
2022,301,rifle_3rd,347,113,7,467,745,63,2509
2022,4,rifle_3rd,316,83,18,416,624,67,2366
2022,441,rifle_3rd,74,0,4,78,134,58,411
2022,5,rifle_3rd,29,8,3,39,56,69,233
2022,6,rifle_3rd,28,0,0,28,28,100,110
2022,7,rifle_3rd,5,7,0,13,217,6,749
2022,8,rifle_3rd,19,7,0,26,281,9,1052
2022,9,rifle_3rd,0,8,0,8,13,67,29
2022,10,rifle_3rd,17,0,0,17,20,84,84
2022,11,rifle_3rd,232,128,0,361,642,56,2765
2022,211,rifle_3rd,207,48,14,269,493,55,1900
2022,12,rifle_3rd,165,39,13,217,497,44,2019
2022,13,rifle_3rd,71,12,5,88,181,49,538
2022,131,rifle_3rd,0,0,0,0,25,0,100
2022,231,rifle_3rd,2,0,0,2,26,6,87
2022,14,rifle_3rd,0,0,0,0,4,0,18
2022,214,rifle_3rd,8,0,0,8,16,49,45
2022,15,rifle_3rd,112,26,5,142,409,35,1983
2022,16,rifle_3rd,3,0,0,3,14,21,54
2022,161,rifle_3rd,28,0,0,28,28,100,114
2022,17,rifle_3rd,3,0,0,3,14,22,82
2022,171,rifle_3rd,0,0,0,0,28,0,129
2022,18,rifle_3rd,114,57,19,189,967,20,3503
2022,181,rifle_3rd,45,47,0,91,360,25,1458
2022,19,rifle_3rd,104,29,4,138,303,45,919
2022,191,rifle_3rd,125,46,0,172,359,48,1228
2022,20,rifle_3rd,85,4,0,90,193,46,639
2022,21,rifle_3rd,69,0,0,69,77,90,310
2022,22,rifle_3rd,231,84,6,322,478,67,1939
2022,23,rifle_3rd,145,31,5,181,468,39,2141
2022,24,rifle_3rd,14,0,0,14,75,19,257
2022,25,rifle_3rd,109,10,1,119,299,40,1376
2022,26,rifle_3rd,62,20,0,82,222,37,824
2022,27,rifle_3rd,19,25,0,44,248,18,840
2022,28,rifle_3rd,95,44,13,152,706,21,2510
2022,29,rifle_3rd,28,14,0,42,150,28,430
2022,30,rifle_3rd,37,0,0,37,64,57,218
2022,31,rifle_3rd,129,0,0,129,225,57,856
2022,32,rifle_3rd,54,0,0,54,72,75,235
2022,33,rifle_3rd,151,0,0,151,436,35,2156
2022,34,rifle_3rd,35,19,0,53,199,27,837
2022,35,rifle_3rd,147,11,0,157,292,54,1100
2022,36,rifle_3rd,123,21,0,144,319,45,1065
2022,361,rifle_3rd,17,4,0,21,90,23,399
2022,37,rifle_3rd,56,33,13,102,458,22,1464
2022,371,rifle_3rd,15,6,0,22,103,21,243
2022,38,rifle_3rd,14,2,0,16,127,13,413
2022,39,rifle_3rd,33,6,0,39,89,44,286
2022,391,rifle_3rd,0,0,0,0,2,0,4
2022,40,rifle_3rd,91,0,0,91,118,77,433
2022,41,rifle_3rd,89,0,0,89,143,62,456
2022,411,rifle_3rd,51,0,0,51,105,49,367
2022,42,rifle_3rd,177,2,0,179,247,72,808
2022,421,rifle_3rd,105,0,0,105,155,68,489
2022,43,rifle_3rd,99,8,0,107,178,60,662
2022,44,rifle_3rd,27,8,5,39,42,92,155
2022,444,rifle_3rd,77,17,2,96,156,61,630
2022,45,rifle_3rd,3,0,0,3,39,8,117
2022,46,rifle_3rd,37,6,2,45,93,49,280
2022,461,rifle_3rd,2,0,0,2,2,100,2
2022,47,rifle_3rd,10,0,0,10,28,36,96
2022,471,rifle_3rd,0,0,0,0,3,0,3
2022,48,rifle_3rd,12,0,0,12,34,36,124
2022,481,rifle_3rd,37,9,2,48,75,64,242
2022,49,rifle_3rd,111,12,0,123,208,59,677
2022,50,rifle_3rd,33,0,0,33,85,39,293
2022,500,rifle_3rd,4,0,0,4,6,68,18
2022,501,rifle_3rd,73,39,0,111,156,71,496
2022,51,rifle_3rd,65,0,0,65,78,84,255
2022,511,rifle_3rd,33,30,5,69,90,76,279
2022,52,rifle_3rd,133,0,0,133,211,63,652
2022,521,rifle_3rd,46,0,0,46,89,51,345
2022,53,rifle_3rd,91,0,0,91,99,92,344
2022,54,rifle_3rd,49,25,2,76,120,64,558
2022,55,rifle_3rd,71,67,3,140,175,80,693
2022,551,rifle_3rd,37,27,2,66,83,80,339
2022,56,rifle_3rd,61,4,0,65,95,68,358
2022,561,rifle_3rd,25,0,0,25,48,51,204
2022,57,rifle_3rd,56,7,0,63,124,51,477
2022,58,rifle_3rd,112,4,0,116,205,56,714
2022,581,rifle_3rd,99,4,0,102,165,62,345
2022,59,rifle_3rd,22,0,0,22,22,100,72
2022,60,rifle_3rd,50,0,0,50,71,70,328
2022,61,rifle_3rd,53,0,0,53,89,60,365
2022,62,rifle_3rd,233,4,0,237,419,57,1695
2022,63,rifle_3rd,97,0,0,97,113,86,422
2022,64,rifle_3rd,47,0,0,47,115,40,432
2022,65,rifle_3rd,160,0,0,160,220,73,770
2022,66,rifle_3rd,38,41,2,81,86,95,306
2022,67,rifle_3rd,40,54,0,94,101,93,351
2022,68,rifle_3rd,64,0,0,64,132,49,542
2022,681,rifle_3rd,45,0,0,45,110,41,458
2022,682,rifle_3rd,0,0,0,0,3,0,8
2022,69,rifle_3rd,100,14,0,114,250,45,808
2022,691,rifle_3rd,0,0,0,0,22,0,42
2022,70,rifle_3rd,363,2,0,366,448,82,1881
2022,71,rifle_3rd,56,0,0,56,137,41,603
2022,711,rifle_3rd,215,0,0,215,330,65,1478
2022,72,rifle_3rd,192,24,0,216,364,59,1217
2022,73,rifle_3rd,128,0,0,128,233,55,801
2022,74,rifle_3rd,21,0,0,21,54,38,205
2022,741,rifle_3rd,58,5,0,63,94,68,352
2022,75,rifle_3rd,94,13,2,108,276,39,1058
2022,751,rifle_3rd,135,11,0,146,247,59,934
2022,76,rifle_3rd,11,0,0,11,17,64,64
2022,77,rifle_3rd,111,11,0,123,262,47,1102
2022,771,rifle_3rd,146,3,0,149,218,68,886
2022,78,rifle_3rd,101,5,0,106,260,41,1049
2022,79,rifle_3rd,69,0,0,69,99,70,419
2022,791,rifle_3rd,0,0,0,0,2,0,5
2022,80,rifle_3rd,115,0,0,115,184,62,659
2022,81,rifle_3rd,71,0,0,71,123,57,374
2022,82,rifle_3rd,68,0,0,68,113,60,520
2022,83,rifle_3rd,24,0,0,24,28,87,93
2022,84,rifle_3rd,166,20,0,186,268,69,878
2022,85,rifle_3rd,114,0,0,114,172,67,700
2022,851,rifle_3rd,11,0,0,11,16,71,67
2022,86,rifle_3rd,40,6,0,45,84,54,248
2022,861,rifle_3rd,7,0,0,7,9,70,23
2022,140,rifle_3rd,34,0,0,34,66,52,198
2022,201,rifle_4th,5,0,0,5,5,100,11
2022,3,rifle_4th,59,3,0,63,89,70,273
2022,301,rifle_4th,42,6,0,48,69,69,183
2022,4,rifle_4th,94,29,7,130,166,79,571
2022,441,rifle_4th,5,0,0,5,15,34,52
2022,5,rifle_4th,5,0,0,5,12,38,47
2022,6,rifle_4th,11,0,0,11,17,68,54
2022,7,rifle_4th,15,0,0,15,76,20,243
2022,8,rifle_4th,9,0,0,9,77,12,272
2022,11,rifle_4th,43,24,3,69,117,59,376
2022,211,rifle_4th,28,33,4,65,104,62,322
2022,12,rifle_4th,36,4,4,44,87,51,310
2022,13,rifle_4th,25,0,0,25,75,34,206
2022,14,rifle_4th,0,0,0,0,3,0,3
2022,15,rifle_4th,21,0,0,21,35,59,125
2022,161,rifle_4th,5,0,0,5,6,78,13
2022,17,rifle_4th,0,0,0,0,2,0,5
2022,171,rifle_4th,0,0,0,0,1,0,3
2022,18,rifle_4th,13,0,0,13,102,13,355
2022,181,rifle_4th,19,0,0,19,43,43,128
2022,19,rifle_4th,50,0,0,50,126,39,299
2022,191,rifle_4th,66,0,0,66,151,44,427
2022,20,rifle_4th,63,1,0,65,179,36,578
2022,22,rifle_4th,16,0,0,16,23,71,86
2022,23,rifle_4th,10,0,0,10,46,23,163
2022,24,rifle_4th,0,0,0,0,3,0,8
2022,25,rifle_4th,17,0,0,17,44,38,161
2022,26,rifle_4th,12,0,0,12,34,35,62
2022,27,rifle_4th,12,0,0,12,28,43,98
2022,28,rifle_4th,23,0,0,23,82,28,214
2022,29,rifle_4th,28,5,0,33,156,21,428
2022,33,rifle_4th,7,0,0,7,24,28,98
2022,34,rifle_4th,3,0,0,3,43,7,139
2022,35,rifle_4th,2,0,0,2,10,21,27
2022,36,rifle_4th,8,0,0,8,11,69,27
2022,361,rifle_4th,6,0,0,6,8,75,30
2022,37,rifle_4th,9,0,0,9,35,27,113
2022,371,rifle_4th,0,0,0,0,5,0,14
2022,38,rifle_4th,25,0,0,25,139,18,385
2022,39,rifle_4th,16,5,0,22,69,32,235
2022,391,rifle_4th,0,0,0,0,1,0,4
2022,40,rifle_4th,6,0,0,6,9,67,30
2022,411,rifle_4th,3,0,0,3,8,33,36
2022,43,rifle_4th,17,0,0,17,23,72,63
2022,44,rifle_4th,18,0,0,18,20,88,66
2022,444,rifle_4th,22,0,0,22,30,75,82
2022,46,rifle_4th,21,13,0,34,52,65,146
2022,461,rifle_4th,2,0,0,2,4,64,6
2022,47,rifle_4th,2,0,0,2,5,39,7
2022,501,rifle_4th,18,0,0,18,24,75,78
2022,51,rifle_4th,18,0,0,18,46,38,140
2022,511,rifle_4th,56,0,0,56,97,58,294
2022,52,rifle_4th,12,0,0,12,21,55,83
2022,521,rifle_4th,5,0,0,5,10,50,21
2022,53,rifle_4th,8,0,0,8,8,100,18
2022,54,rifle_4th,12,0,0,12,15,77,59
2022,55,rifle_4th,17,0,0,17,20,86,63
2022,551,rifle_4th,12,0,0,12,15,81,48
2022,60,rifle_4th,4,0,0,4,4,100,16
2022,63,rifle_4th,5,0,0,5,9,50,32
2022,64,rifle_4th,0,0,0,0,1,0,6
2022,65,rifle_4th,19,0,0,19,19,100,44
2022,66,rifle_4th,18,0,0,18,18,100,55
2022,67,rifle_4th,15,0,0,15,18,80,57
2022,68,rifle_4th,10,0,0,10,12,89,53
2022,681,rifle_4th,0,0,0,0,1,0,1
2022,69,rifle_4th,10,0,0,10,20,50,45
2022,691,rifle_4th,5,0,0,5,5,100,23
2022,70,rifle_4th,37,0,0,37,60,62,209
2022,71,rifle_4th,4,0,0,4,12,31,41
2022,711,rifle_4th,17,0,0,17,35,47,105
2022,72,rifle_4th,22,14,0,36,51,71,141
2022,73,rifle_4th,19,0,0,19,36,54,108
2022,74,rifle_4th,6,0,0,6,9,69,25
2022,741,rifle_4th,23,4,0,27,48,56,152
2022,75,rifle_4th,44,6,0,50,89,56,274
2022,751,rifle_4th,20,10,0,30,49,61,162
2022,77,rifle_4th,19,6,0,25,38,66,87
2022,771,rifle_4th,37,6,0,43,65,67,228
2022,78,rifle_4th,26,0,0,26,38,69,121
2022,79,rifle_4th,5,0,0,5,5,100,9
2022,791,rifle_4th,3,0,0,3,3,100,3
2022,80,rifle_4th,31,0,0,31,35,88,106
2022,81,rifle_4th,11,0,0,11,15,73,46
2022,82,rifle_4th,18,0,0,18,29,64,99
2022,83,rifle_4th,10,0,0,10,10,100,25
2022,84,rifle_4th,7,0,0,7,13,50,43
2022,86,rifle_4th,3,0,0,3,5,67,17
2022,2,archery,2,0,0,2,4,46,36
2022,201,archery,3,0,0,3,7,43,37
2022,3,archery,33,6,0,38,71,53,408
2022,301,archery,0,0,0,0,16,0,69
2022,4,archery,11,5,0,16,95,17,553
2022,441,archery,5,0,0,5,32,15,197
2022,5,archery,26,22,0,49,101,48,605
2022,6,archery,3,0,0,3,57,6,340
2022,7,archery,20,0,0,20,303,7,2295
2022,8,archery,15,10,0,25,336,7,2083
2022,9,archery,0,2,0,2,32,7,246
2022,10,archery,0,0,0,0,4,0,34
2022,11,archery,0,0,0,0,35,0,227
2022,211,archery,0,3,0,3,9,33,74
2022,12,archery,6,0,0,6,96,6,504
2022,13,archery,4,0,0,4,14,28,75
2022,131,archery,3,3,0,6,28,22,260
2022,231,archery,4,7,0,11,37,30,259
2022,14,archery,21,20,0,41,126,32,838
2022,214,archery,11,10,0,21,53,39,328
2022,15,archery,7,6,0,13,140,9,1207
2022,16,archery,3,0,0,3,16,20,147
2022,161,archery,22,0,0,22,60,37,376
2022,17,archery,0,0,0,0,3,0,23
2022,171,archery,6,0,0,6,22,29,125
2022,18,archery,0,16,0,16,259,6,1566
2022,181,archery,0,0,0,0,56,0,346
2022,19,archery,0,45,0,45,193,23,1424
2022,191,archery,8,0,0,8,158,5,570
2022,20,archery,17,22,4,43,207,21,1494
2022,21,archery,18,0,0,18,50,37,435
2022,22,archery,0,3,0,3,45,7,334
2022,23,archery,31,7,0,38,147,26,784
2022,24,archery,0,4,0,4,83,5,412
2022,25,archery,0,6,0,6,75,8,550
2022,26,archery,0,0,0,0,29,0,227
2022,27,archery,0,23,0,23,58,39,420
2022,28,archery,0,6,0,6,252,3,1758
2022,29,archery,8,6,0,14,120,11,778
2022,30,archery,6,13,0,19,71,27,347
2022,31,archery,34,3,0,37,81,45,514
2022,32,archery,11,0,0,11,40,28,295
2022,33,archery,16,9,0,26,132,20,1013
2022,34,archery,0,4,0,4,60,7,437
2022,35,archery,8,0,0,8,59,13,308
2022,36,archery,4,7,0,11,68,16,509
2022,361,archery,0,0,0,0,8,0,57
2022,37,archery,13,16,0,29,194,15,1130
2022,371,archery,0,0,0,0,59,0,315
2022,38,archery,7,7,0,13,170,8,1387
2022,39,archery,25,10,0,34,167,21,1169
2022,391,archery,14,0,0,14,42,35,254
2022,40,archery,51,0,0,51,77,65,624
2022,41,archery,30,8,0,38,156,24,1395
2022,411,archery,8,0,0,8,14,57,104
2022,42,archery,6,5,0,11,85,13,544
2022,421,archery,32,6,0,38,154,25,1160
2022,43,archery,52,12,0,64,175,37,1466
2022,44,archery,14,4,0,18,59,30,488
2022,444,archery,29,8,0,37,106,35,831
2022,45,archery,23,0,0,23,72,32,485
2022,46,archery,12,14,0,27,73,37,509
2022,461,archery,6,2,0,9,49,18,335
2022,47,archery,0,0,0,0,27,0,104
2022,471,archery,4,4,0,8,35,23,252
2022,48,archery,9,0,0,9,77,12,537
2022,481,archery,8,0,0,8,60,13,533
2022,49,archery,21,2,0,23,85,27,503
2022,50,archery,0,10,0,10,58,17,460
2022,500,archery,0,3,0,3,41,6,351
2022,501,archery,6,11,0,18,91,19,701
2022,51,archery,17,17,0,35,92,38,795
2022,511,archery,39,0,0,39,122,32,1087
2022,52,archery,0,0,0,0,25,0,196
2022,521,archery,13,0,0,13,56,24,708
2022,53,archery,13,0,0,13,40,32,219
2022,54,archery,15,0,0,15,54,28,440
2022,55,archery,16,0,0,16,51,30,405
2022,551,archery,14,0,0,14,41,33,412
2022,56,archery,5,0,0,5,31,15,213
2022,561,archery,0,0,0,0,20,0,121
2022,57,archery,0,0,0,0,27,0,160
2022,58,archery,8,8,0,17,89,19,626
2022,581,archery,21,19,0,40,98,40,719
2022,59,archery,16,0,0,16,26,60,121
2022,591,archery,0,0,0,0,3,0,17
2022,60,archery,15,0,0,15,31,48,200
2022,61,archery,12,0,0,12,41,30,428
2022,62,archery,51,0,0,51,174,29,1726
2022,63,archery,31,0,0,31,46,69,299
2022,64,archery,3,0,0,3,33,10,157
2022,65,archery,16,0,0,16,97,17,718
2022,66,archery,23,0,0,23,63,37,435
2022,67,archery,12,0,0,12,54,21,439
2022,68,archery,10,0,0,10,70,15,514
2022,681,archery,8,0,0,8,44,18,377
2022,682,archery,0,0,0,0,2,0,10
2022,69,archery,42,21,0,62,123,51,811
2022,691,archery,0,5,0,5,10,50,83
2022,70,archery,16,0,0,16,93,17,919
2022,71,archery,12,0,0,12,76,16,740
2022,711,archery,5,0,0,5,36,13,333
2022,72,archery,31,0,0,31,60,52,393
2022,73,archery,29,0,0,29,80,36,876
2022,74,archery,23,0,0,23,88,26,852
2022,741,archery,2,2,0,3,30,11,213
2022,75,archery,21,18,0,39,145,27,1085
2022,751,archery,18,3,0,21,89,24,528
2022,76,archery,8,0,0,8,21,38,237
2022,77,archery,27,20,0,46,179,26,1005
2022,771,archery,5,5,0,9,24,40,109
2022,78,archery,13,10,0,24,119,20,848
2022,79,archery,1,0,0,1,6,25,24
2022,80,archery,37,0,0,37,102,36,748
2022,81,archery,43,0,0,43,142,30,1142
2022,82,archery,4,0,0,4,36,11,278
2022,83,archery,8,0,0,8,8,100,33
2022,84,archery,35,10,0,46,100,46,673
2022,85,archery,45,0,0,45,92,49,869
2022,851,archery,9,0,0,9,16,53,92
2022,86,archery,10,0,0,10,34,30,258
2022,861,archery,0,0,0,0,5,0,31
2022,87,archery,0,0,0,0,23,0,298
2022,88,archery,0,0,0,0,6,0,84
2022,89,archery,3,3,0,6,16,40,113
2022,90,archery,0,0,0,0,6,0,81
2022,91,archery,11,3,0,13,55,25,527
2022,92,archery,11,3,0,13,58,23,385
2022,93,archery,3,0,0,3,12,22,104
2022,94,archery,46,0,0,46,71,64,721
2022,95,archery,6,0,0,6,29,22,321
2022,951,archery,15,0,0,15,59,26,963
2022,96,archery,40,3,0,44,91,48,869
2022,97,archery,0,0,0,0,5,0,31
2022,98,archery,14,0,0,14,40,36,456
2022,99,archery,13,0,0,13,45,28,341
2022,100,archery,0,0,0,0,5,0,39
2022,101,archery,9,2,0,12,41,28,334
2022,102,archery,2,0,0,2,37,6,306
2022,103,archery,7,8,0,16,47,33,428
2022,104,archery,129,0,0,129,315,41,3123
2022,105,archery,29,0,0,29,136,21,777
2022,106,archery,0,0,0,0,27,0,117
2022,107,archery,1,3,0,4,24,16,181
2022,109,archery,4,0,0,4,66,6,348
2022,110,archery,52,6,0,58,136,43,1053
2022,111,archery,3,0,0,3,14,22,134
2022,112,archery,5,3,0,8,27,30,274
2022,113,archery,3,0,0,3,17,17,61
2022,114,archery,0,3,0,3,7,38,26
2022,115,archery,0,0,0,0,7,0,31
2022,116,archery,5,0,3,8,33,23,325
2022,117,archery,3,0,0,3,19,15,139
2022,118,archery,4,0,0,4,18,24,162
2022,119,archery,0,0,0,0,24,0,274
2022,120,archery,3,0,0,3,12,23,79
2022,121,archery,5,0,0,5,20,24,185
2022,122,archery,14,3,0,17,81,20,479
2022,123,archery,10,3,0,13,55,24,1066
2022,124,archery,4,6,0,10,28,36,331
2022,125,archery,9,5,0,14,78,18,728
2022,126,archery,3,0,0,3,57,5,306
2022,127,archery,0,0,0,0,47,0,244
2022,128,archery,28,5,0,33,68,48,952
2022,129,archery,6,3,0,9,31,28,318
2022,130,archery,6,0,0,6,44,13,477
2022,132,archery,2,0,0,2,32,6,198
2022,133,archery,0,0,0,0,11,0,53
2022,134,archery,16,2,0,18,21,83,232
2022,135,archery,4,3,0,7,29,24,307
2022,136,archery,9,0,0,9,22,43,131
2022,137,archery,4,0,0,4,7,50,84
2022,139,archery,6,0,0,6,31,19,232
2022,140,archery,16,0,0,16,48,34,352
2022,141,archery,0,0,0,0,6,0,91
2022,142,archery,4,0,0,4,31,13,320
2022,143,archery,0,0,0,0,7,0,21
2022,144,archery,3,0,0,3,15,18,180
2022,145,archery,0,0,0,0,9,0,67
2022,146,archery,12,0,0,12,60,19,797
2022,147,archery,0,0,0,0,20,0,86
2022,2,muzzleloader,5,0,0,5,6,75,23
2022,201,muzzleloader,5,0,0,5,8,63,35
2022,3,muzzleloader,5,3,0,8,25,33,75
2022,301,muzzleloader,0,0,0,0,5,0,5
2022,4,muzzleloader,3,5,2,9,39,23,206
2022,441,muzzleloader,3,3,0,5,8,66,14
2022,5,muzzleloader,5,6,0,11,35,32,191
2022,6,muzzleloader,13,0,0,13,31,40,140
2022,7,muzzleloader,23,5,0,27,278,10,1365
2022,8,muzzleloader,57,19,0,75,278,27,1196
2022,9,muzzleloader,0,5,0,5,16,29,24
2022,10,muzzleloader,5,0,0,5,5,100,21
2022,11,muzzleloader,3,0,0,3,23,11,106
2022,211,muzzleloader,0,0,0,0,20,0,65
2022,12,muzzleloader,5,3,0,8,44,19,234
2022,13,muzzleloader,3,0,0,3,3,100,11
2022,131,muzzleloader,0,0,0,0,8,0,33
2022,231,muzzleloader,8,0,0,8,35,22,188
2022,14,muzzleloader,0,9,0,9,23,40,105
2022,214,muzzleloader,5,6,0,11,22,50,83
2022,15,muzzleloader,20,9,0,29,149,20,802
2022,16,muzzleloader,10,0,0,10,16,61,75
2022,161,muzzleloader,14,0,0,14,24,60,95
2022,17,muzzleloader,6,0,0,6,16,40,49
2022,171,muzzleloader,2,0,0,2,12,15,73
2022,18,muzzleloader,11,45,0,56,388,14,1634
2022,181,muzzleloader,7,0,0,7,73,10,384
2022,19,muzzleloader,0,5,0,5,71,7,243
2022,191,muzzleloader,0,5,0,5,106,4,407
2022,20,muzzleloader,7,2,0,9,90,10,375
2022,21,muzzleloader,12,0,0,12,12,100,58
2022,22,muzzleloader,13,0,0,13,47,29,235
2022,23,muzzleloader,5,7,0,13,93,14,452
2022,24,muzzleloader,7,5,0,12,40,30,135
2022,25,muzzleloader,5,0,0,5,61,9,320
2022,26,muzzleloader,5,2,0,7,38,18,150
2022,27,muzzleloader,7,10,0,17,108,16,585
2022,28,muzzleloader,11,15,0,26,164,16,620
2022,29,muzzleloader,3,18,0,20,92,22,388
2022,30,muzzleloader,5,0,0,5,7,69,26
2022,31,muzzleloader,23,0,0,23,45,51,255
2022,32,muzzleloader,15,0,0,15,40,37,204
2022,33,muzzleloader,26,2,0,28,149,19,764
2022,34,muzzleloader,14,5,0,19,108,17,510
2022,35,muzzleloader,15,0,0,15,74,20,304
2022,36,muzzleloader,16,18,0,35,89,39,433
2022,361,muzzleloader,0,0,0,0,21,0,80
2022,37,muzzleloader,22,23,0,45,212,21,1084
2022,371,muzzleloader,7,8,0,15,30,50,163
2022,38,muzzleloader,6,2,0,7,59,13,286
2022,39,muzzleloader,20,5,0,25,104,24,473
2022,391,muzzleloader,0,0,0,0,3,0,18
2022,40,muzzleloader,24,0,0,24,33,73,154
2022,41,muzzleloader,14,0,0,14,36,40,207
2022,42,muzzleloader,22,5,0,26,54,49,253
2022,421,muzzleloader,44,5,0,48,140,34,724
2022,43,muzzleloader,36,0,0,36,138,26,701
2022,44,muzzleloader,16,5,0,21,55,39,251
2022,444,muzzleloader,19,7,0,26,76,34,397
2022,45,muzzleloader,26,0,0,26,59,44,296
2022,46,muzzleloader,14,2,0,17,66,25,254
2022,461,muzzleloader,6,6,0,12,12,100,33
2022,47,muzzleloader,3,2,0,5,29,19,94
2022,471,muzzleloader,0,0,0,0,19,0,64
2022,48,muzzleloader,8,5,0,13,40,32,198
2022,481,muzzleloader,6,0,0,6,16,40,48
2022,49,muzzleloader,17,0,0,17,62,28,297
2022,50,muzzleloader,5,0,0,5,27,18,139
2022,500,muzzleloader,0,0,0,0,19,0,67
2022,501,muzzleloader,13,6,0,19,66,28,300
2022,51,muzzleloader,27,9,0,35,60,59,276
2022,511,muzzleloader,34,8,3,44,59,74,248
2022,52,muzzleloader,13,0,0,13,38,36,154
2022,521,muzzleloader,19,0,0,19,30,64,182
2022,53,muzzleloader,4,0,0,4,16,23,91
2022,54,muzzleloader,20,0,0,20,44,45,269
2022,55,muzzleloader,35,0,0,35,49,71,229
2022,551,muzzleloader,30,0,0,30,42,72,211
2022,56,muzzleloader,5,0,0,5,24,21,117
2022,561,muzzleloader,5,2,0,6,15,44,78
2022,57,muzzleloader,6,0,0,6,10,57,60
2022,58,muzzleloader,9,0,0,9,39,24,208
2022,581,muzzleloader,13,7,0,20,49,41,213
2022,59,muzzleloader,7,5,0,12,23,54,78
2022,60,muzzleloader,5,0,0,5,10,50,42
2022,61,muzzleloader,3,0,0,3,20,13,122
2022,62,muzzleloader,26,0,0,26,82,31,407
2022,63,muzzleloader,17,0,0,17,22,77,79
2022,64,muzzleloader,4,0,0,4,25,18,92
2022,65,muzzleloader,17,0,0,17,53,32,227
2022,66,muzzleloader,32,0,0,32,60,53,262
2022,67,muzzleloader,23,0,0,23,56,41,289
2022,68,muzzleloader,12,0,0,12,56,21,221
2022,681,muzzleloader,9,0,0,9,50,17,268
2022,682,muzzleloader,0,0,0,0,6,0,24
2022,69,muzzleloader,29,5,2,37,96,38,379
2022,691,muzzleloader,0,0,0,0,2,0,2
2022,70,muzzleloader,32,0,0,32,63,51,306
2022,71,muzzleloader,3,0,0,3,32,8,186
2022,711,muzzleloader,19,0,0,19,26,71,132
2022,72,muzzleloader,33,0,0,33,61,54,272
2022,73,muzzleloader,25,0,0,25,41,61,161
2022,74,muzzleloader,31,0,0,31,70,43,328
2022,741,muzzleloader,3,5,0,8,23,36,126
2022,75,muzzleloader,34,2,0,36,105,34,476
2022,751,muzzleloader,19,9,0,28,93,30,428
2022,76,muzzleloader,10,0,0,10,16,61,78
2022,77,muzzleloader,30,5,0,34,116,30,490
2022,771,muzzleloader,0,0,0,0,9,0,15
2022,78,muzzleloader,39,0,0,39,110,36,561
2022,79,muzzleloader,4,0,0,4,19,21,89
2022,791,muzzleloader,2,0,0,2,5,33,24
2022,80,muzzleloader,23,0,0,23,62,37,277
2022,81,muzzleloader,54,0,0,54,104,51,576
2022,82,muzzleloader,26,0,0,26,57,46,275
2022,83,muzzleloader,10,0,0,10,10,100,22
2022,84,muzzleloader,26,5,0,31,68,45,286
2022,85,muzzleloader,16,0,0,16,30,53,144
2022,851,muzzleloader,1,0,0,1,5,20,9
2022,86,muzzleloader,5,5,0,10,58,17,286
2022,861,muzzleloader,0,0,0,0,8,0,36
2022,87,muzzleloader,0,0,0,0,18,0,70
2022,88,muzzleloader,2,0,0,2,21,11,77
2022,89,muzzleloader,7,0,0,7,13,51,60
2022,91,muzzleloader,7,3,5,15,48,31,203
2022,92,muzzleloader,4,7,0,11,48,24,137
2022,93,muzzleloader,3,6,0,9,33,28,133
2022,94,muzzleloader,7,3,0,9,15,61,40
2022,95,muzzleloader,2,2,0,4,13,34,50
2022,951,muzzleloader,3,5,0,8,21,40,95
2022,96,muzzleloader,14,2,0,16,47,34,137
2022,97,muzzleloader,2,0,0,2,6,27,14
2022,98,muzzleloader,3,0,0,3,17,20,71
2022,99,muzzleloader,8,0,0,8,36,21,122
2022,100,muzzleloader,2,0,0,2,15,12,57
2022,101,muzzleloader,2,0,0,2,27,8,83
2022,102,muzzleloader,2,6,0,8,34,23,137
2022,103,muzzleloader,12,9,0,21,45,48,157
2022,104,muzzleloader,2,2,0,5,33,14,94
2022,105,muzzleloader,16,2,0,18,37,48,130
2022,106,muzzleloader,11,0,0,11,11,100,44
2022,107,muzzleloader,5,0,0,5,12,39,36
2022,109,muzzleloader,7,6,0,13,35,37,133
2022,110,muzzleloader,13,0,2,15,48,31,176
2022,111,muzzleloader,13,5,0,18,18,100,63
2022,112,muzzleloader,5,0,0,5,15,31,74
2022,113,muzzleloader,0,1,0,1,5,19,20
2022,114,muzzleloader,0,0,0,0,2,0,7
2022,115,muzzleloader,0,0,0,0,6,0,29
2022,116,muzzleloader,0,0,0,0,7,0,36
2022,117,muzzleloader,1,0,0,1,2,50,10
2022,118,muzzleloader,3,0,0,3,6,50,14
2022,119,muzzleloader,3,0,0,3,16,18,54
2022,120,muzzleloader,5,1,0,6,6,100,8
2022,121,muzzleloader,7,0,0,7,14,49,42
2022,122,muzzleloader,3,0,0,3,17,17,68
2022,123,muzzleloader,3,0,0,3,5,54,13
2022,124,muzzleloader,0,0,0,0,5,0,21
2022,125,muzzleloader,2,4,0,6,20,32,93
2022,126,muzzleloader,8,3,0,11,24,45,87
2022,127,muzzleloader,2,5,0,7,25,29,99
2022,128,muzzleloader,0,2,0,2,15,14,47
2022,129,muzzleloader,2,2,0,4,5,79,16
2022,130,muzzleloader,3,0,0,3,6,50,17
2022,132,muzzleloader,4,0,0,4,6,67,19
2022,133,muzzleloader,0,0,0,0,3,0,16
2022,135,muzzleloader,4,2,0,6,24,24,80
2022,137,muzzleloader,0,0,0,0,2,0,8
2022,139,muzzleloader,0,0,0,0,3,0,14
2022,140,muzzleloader,4,0,0,4,11,41,51
2022,142,muzzleloader,3,0,0,3,14,22,49
2022,143,muzzleloader,0,0,0,0,2,0,2
2022,144,muzzleloader,7,2,0,9,15,62,31
2022,146,muzzleloader,0,2,0,2,18,12,52
2022,147,muzzleloader,0,0,0,0,2,0,4
2022,48,whitetail,0,0,0,0,18,0,53
2022,511,whitetail,0,0,0,0,3,0,5
2022,56,whitetail,5,0,0,5,7,71,12
2022,561,whitetail,0,0,0,0,2,0,2
2022,58,whitetail,3,0,0,3,8,33,23
2022,581,whitetail,5,3,0,8,10,75,33
2022,59,whitetail,0,0,0,0,30,0,140
2022,591,whitetail,3,3,0,5,30,17,193
2022,69,whitetail,13,5,0,18,53,33,278
2022,691,whitetail,0,0,0,0,3,0,5
2022,84,whitetail,13,18,0,30,140,21,780
2022,85,whitetail,3,8,0,10,45,22,220
2022,851,whitetail,5,5,0,10,20,50,143
2022,86,whitetail,0,0,0,0,5,0,95
2022,861,whitetail,3,0,0,3,10,26,15
2022,103,whitetail,0,6,0,6,17,36,112
2022,104,whitetail,4,10,2,15,40,37,161
2022,105,whitetail,5,17,0,21,100,21,513
2022,106,whitetail,0,3,0,3,14,22,30
2022,107,whitetail,11,13,0,24,128,19,367
2022,109,whitetail,31,16,0,47,164,29,627
2022,110,whitetail,9,9,0,17,60,29,431
2022,111,whitetail,14,9,0,23,45,52,173
2022,112,whitetail,3,7,0,10,32,33,92
2022,113,whitetail,3,2,0,5,29,18,92
2022,114,whitetail,0,2,0,2,12,17,44
2022,115,whitetail,3,4,0,7,19,38,53
2022,116,whitetail,12,10,2,25,95,26,272
2022,117,whitetail,6,2,0,8,36,23,100
2022,118,whitetail,0,1,0,1,11,12,104
2022,119,whitetail,6,5,0,11,54,20,357
2022,120,whitetail,3,7,3,13,22,61,42
2022,121,whitetail,0,2,0,2,16,12,63
2022,122,whitetail,6,9,0,15,51,28,242
2022,123,whitetail,11,3,0,14,60,24,987
2022,124,whitetail,0,6,0,6,22,25,138
2022,125,whitetail,12,16,5,33,121,27,729
2022,126,whitetail,17,14,0,31,104,30,422
2022,127,whitetail,17,25,1,43,107,40,454
2022,128,whitetail,10,26,0,36,74,48,488
2022,129,whitetail,14,13,2,29,58,49,325
2022,130,whitetail,4,0,0,4,28,13,210
2022,132,whitetail,17,5,2,24,58,42,272
2022,133,whitetail,0,3,0,3,8,37,29
2022,134,whitetail,12,6,0,18,26,70,218
2022,135,whitetail,0,7,0,7,18,41,57
2022,136,whitetail,0,0,0,0,16,0,56
2022,137,whitetail,0,0,0,0,6,0,17
2022,138,whitetail,0,0,0,0,1,0,3
2022,139,whitetail,20,14,0,34,100,34,466
2022,140,whitetail,0,3,0,3,8,33,65
2022,141,whitetail,0,0,0,0,4,0,41
2022,143,whitetail,3,0,0,3,8,39,26
2022,144,whitetail,4,1,0,5,24,22,81
2022,145,whitetail,2,0,0,2,14,14,51
2022,146,whitetail,12,4,0,16,53,30,230
2022,147,whitetail,2,0,0,2,23,7,90
2022,103,whitetail,0,6,0,6,17,36,112
2022,104,whitetail,0,0,0,0,10,0,38
2022,105,whitetail,0,0,0,0,8,0,136
2022,107,whitetail,0,2,0,2,5,33,44
2022,109,whitetail,2,0,0,2,29,6,158
2022,110,whitetail,3,6,0,10,37,26,362
2022,111,whitetail,3,0,0,3,6,56,23
2022,112,whitetail,0,3,0,3,10,33,52
2022,113,whitetail,0,0,0,0,8,0,25
2022,114,whitetail,0,0,0,0,2,0,2
2022,115,whitetail,0,0,0,0,2,0,3
2022,118,whitetail,0,0,0,0,9,0,100
2022,119,whitetail,0,0,0,0,24,0,274
2022,120,whitetail,0,0,0,0,7,0,13
2022,121,whitetail,0,0,0,0,7,0,36
2022,122,whitetail,3,3,0,6,24,23,130
2022,123,whitetail,3,3,0,6,42,15,894
2022,124,whitetail,0,6,0,6,11,53,110
2022,125,whitetail,3,5,0,8,41,20,340
2022,126,whitetail,0,0,0,0,11,0,58
2022,127,whitetail,0,0,0,0,24,0,123
2022,128,whitetail,7,5,0,12,25,45,330
2022,129,whitetail,0,3,0,3,14,20,179
2022,130,whitetail,0,0,0,0,19,0,190
2022,132,whitetail,2,0,0,2,18,11,142
2022,134,whitetail,3,2,0,6,6,100,152
2022,135,whitetail,0,3,0,3,8,43,41
2022,136,whitetail,0,0,0,0,6,0,26
2022,139,whitetail,0,0,0,0,14,0,102
2022,141,whitetail,0,0,0,0,4,0,41
2022,145,whitetail,0,0,0,0,3,0,9
2022,146,whitetail,0,0,0,0,6,0,22
2022,147,whitetail,0,0,0,0,6,0,21
2022,104,whitetail,0,0,0,0,2,0,8
2022,105,whitetail,0,0,0,0,3,0,16
2022,109,whitetail,6,6,0,12,17,68,48
2022,110,whitetail,0,0,0,0,7,0,18
2022,111,whitetail,0,3,0,3,3,100,5
2022,112,whitetail,0,0,0,0,1,0,2
2022,115,whitetail,0,0,0,0,1,0,5
2022,116,whitetail,0,0,0,0,1,0,6
2022,119,whitetail,0,0,0,0,10,0,35
2022,122,whitetail,0,0,0,0,1,0,2
2022,123,whitetail,0,0,0,0,2,0,5
2022,124,whitetail,0,0,0,0,2,0,5
2022,125,whitetail,2,1,0,3,11,31,60
2022,126,whitetail,0,0,0,0,4,0,19
2022,127,whitetail,2,5,0,7,14,54,64
2022,128,whitetail,0,2,0,2,6,33,14
2022,129,whitetail,2,2,0,4,5,79,16
2022,132,whitetail,4,0,0,4,6,67,19
2022,135,whitetail,0,2,0,2,8,25,8
2022,146,whitetail,0,2,0,2,6,33,25
2022,147,whitetail,0,0,0,0,2,0,4
2022,48,whitetail,0,0,0,0,18,0,53
2022,511,whitetail,0,0,0,0,3,0,5
2022,56,whitetail,5,0,0,5,7,71,12
2022,561,whitetail,0,0,0,0,2,0,2
2022,58,whitetail,3,0,0,3,8,33,23
2022,581,whitetail,5,3,0,8,10,75,33
2022,59,whitetail,0,0,0,0,30,0,140
2022,591,whitetail,3,3,0,5,30,17,193
2022,69,whitetail,13,5,0,18,53,33,278
2022,691,whitetail,0,0,0,0,3,0,5
2022,84,whitetail,13,18,0,30,140,21,780
2022,85,whitetail,3,8,0,10,45,22,220
2022,851,whitetail,5,5,0,10,20,50,143
2022,86,whitetail,0,0,0,0,5,0,95
2022,861,whitetail,3,0,0,3,10,26,15
2022,104,whitetail,4,10,2,15,28,54,116
2022,105,whitetail,5,17,0,21,89,24,361
2022,106,whitetail,0,3,0,3,14,22,30
2022,107,whitetail,11,12,0,22,123,18,323
2022,109,whitetail,24,10,0,34,118,29,421
2022,110,whitetail,5,3,0,8,16,50,52
2022,111,whitetail,11,7,0,17,36,47,144
2022,112,whitetail,3,4,0,7,20,35,38
2022,113,whitetail,3,2,0,5,20,25,67
2022,114,whitetail,0,2,0,2,10,19,42
2022,115,whitetail,3,4,0,7,16,44,45
2022,116,whitetail,12,10,2,25,94,26,266
2022,117,whitetail,6,2,0,8,36,23,100
2022,118,whitetail,0,1,0,1,1,100,4
2022,119,whitetail,6,5,0,11,20,54,48
2022,120,whitetail,3,7,3,13,15,87,29
2022,121,whitetail,0,2,0,2,9,22,27
2022,122,whitetail,3,6,0,9,26,35,109
2022,123,whitetail,8,0,0,8,16,50,89
2022,124,whitetail,0,0,0,0,9,0,24
2022,125,whitetail,7,10,5,22,69,31,329
2022,126,whitetail,17,14,0,31,88,35,345
2022,127,whitetail,15,19,1,35,69,51,268
2022,128,whitetail,3,19,0,22,43,52,144
2022,129,whitetail,12,8,2,22,39,56,130
2022,130,whitetail,4,0,0,4,10,38,20
2022,132,whitetail,11,5,2,18,34,53,111
2022,133,whitetail,0,3,0,3,8,37,29
2022,134,whitetail,9,4,0,13,20,62,66
2022,135,whitetail,0,2,0,2,2,100,8
2022,136,whitetail,0,0,0,0,10,0,30
2022,137,whitetail,0,0,0,0,6,0,17
2022,138,whitetail,0,0,0,0,1,0,3
2022,139,whitetail,20,14,0,34,86,39,364
2022,140,whitetail,0,3,0,3,8,33,65
2022,143,whitetail,3,0,0,3,8,39,26
2022,144,whitetail,4,1,0,5,24,22,81
2022,145,whitetail,2,0,0,2,11,17,42
2022,146,whitetail,12,2,0,14,41,34,183
2022,147,whitetail,2,0,0,2,15,10,64
2022,87,season_choice,49,60,10,118,445,27,2799
2022,91,season_choice,0,23,0,23,76,30,368
2022,92,season_choice,0,30,0,30,75,41,379
2022,93,season_choice,39,46,7,91,395,23,2272
2022,96,season_choice,0,52,7,59,161,36,1005
2022,101,season_choice,42,28,2,72,249,29,1187
2022,301,rifle_2nd,0,5,0,5,5,100,81
2022,4,rifle_2nd,0,3,0,3,19,15,104
2022,13,rifle_2nd,0,0,0,0,14,0,49
2022,33,rifle_2nd,0,14,0,14,38,36,106
2022,41,rifle_2nd,0,23,0,23,46,50,387
2022,56,rifle_2nd,0,12,0,12,14,83,36
2022,57,rifle_2nd,0,0,0,0,2,0,7
2022,581,rifle_2nd,0,22,3,25,29,89,400
2022,69,rifle_2nd,0,13,3,16,29,56,152
2022,85,rifle_2nd,0,54,0,54,94,58,594
2022,104,rifle_2nd,0,182,0,182,341,53,3562
2022,191,rifle_2nd,0,5,0,5,5,100,6
2022,29,rifle_2nd,0,0,0,0,2,0,4
2022,30,rifle_2nd,0,4,0,4,7,57,18
2022,38,rifle_2nd,5,4,0,9,13,69,25
2022,40,rifle_2nd,0,1,0,1,2,50,6
2022,41,rifle_2nd,0,7,0,7,17,41,60
2022,411,rifle_2nd,0,3,0,3,10,30,31
2022,421,rifle_2nd,1,0,0,1,1,100,3
2022,44,rifle_2nd,1,0,0,1,3,33,36
2022,511,rifle_2nd,0,21,0,22,26,84,29
2022,512,rifle_2nd,13,6,0,19,24,80,27
2022,57,rifle_2nd,0,4,0,4,4,100,8
2022,581,rifle_2nd,0,0,0,0,3,0,3
2022,59,rifle_2nd,0,8,0,8,11,73,14
2022,62,rifle_2nd,0,26,1,27,57,47,198
2022,63,rifle_2nd,0,0,2,2,2,100,2
2022,64,rifle_2nd,0,7,0,7,14,50,70
2022,65,rifle_2nd,0,4,0,4,4,100,7
2022,681,rifle_2nd,0,9,0,9,10,85,12
2022,69,rifle_2nd,0,19,0,19,20,95,44
2022,711,rifle_2nd,0,0,0,0,1,0,4
2022,741,rifle_2nd,0,3,0,3,5,60,8
2022,75,rifle_2nd,0,7,0,7,8,88,34
2022,771,rifle_2nd,1,0,0,1,3,33,28
2022,79,rifle_2nd,0,7,0,7,13,54,15
2022,80,rifle_2nd,0,0,0,0,4,0,4
2022,81,rifle_2nd,0,16,0,16,24,67,141
2022,83,rifle_2nd,0,13,0,13,17,76,39
2022,84,rifle_2nd,0,43,0,43,48,90,64
2022,85,rifle_2nd,0,5,0,5,7,71,7
2022,86,rifle_2nd,0,9,0,9,9,100,18
2022,861,rifle_2nd,0,4,0,4,4,100,4
2022,91,rifle_2nd,0,9,0,9,9,100,22
2022,94,rifle_2nd,0,4,0,4,4,100,4
2022,95,rifle_2nd,0,7,0,7,9,78,74
2022,96,rifle_2nd,0,23,0,23,34,68,74
2022,98,rifle_2nd,1,0,0,1,1,100,10
2022,99,rifle_2nd,0,14,0,14,23,60,249
2022,103,rifle_2nd,1,4,1,6,25,24,35
2022,104,rifle_2nd,0,1,0,1,3,33,4
2022,105,rifle_2nd,0,17,2,19,22,86,34
2022,107,rifle_2nd,0,0,0,0,10,0,20
2022,116,rifle_2nd,0,0,0,0,2,0,3
2022,125,rifle_2nd,0,11,0,11,11,100,20
2022,126,rifle_2nd,0,1,0,1,2,50,3
2022,129,rifle_2nd,0,1,0,1,1,100,1
2022,133,rifle_2nd,0,1,0,1,2,50,2
2022,135,rifle_2nd,0,14,0,14,16,86,31
2023,2,all,30,0,0,30,53,57,278
2023,201,all,50,0,0,50,60,83,261
2023,3,all,352,27,2,380,981,39,3969
2023,301,all,230,6,0,236,529,45,1720
2023,4,all,248,64,0,312,659,47,2676
2023,441,all,72,11,0,83,228,36,902
2023,5,all,55,23,2,80,213,38,928
2023,6,all,96,1,0,97,239,41,1232
2023,7,all,103,54,3,160,1070,15,5128
2023,8,all,122,80,0,202,1218,17,5734
2023,9,all,59,41,0,100,239,42,1622
2023,10,all,29,0,0,29,37,78,208
2023,11,all,222,14,2,238,537,44,2111
2023,211,all,271,8,0,280,546,51,2209
2023,12,all,146,18,0,163,553,30,2630
2023,13,all,92,15,0,107,228,47,959
2023,131,all,13,2,0,15,68,23,339
2023,231,all,14,8,0,22,124,18,679
2023,14,all,14,11,0,25,173,14,1032
2023,214,all,15,6,3,25,123,20,568
2023,15,all,302,75,13,390,1200,33,5907
2023,16,all,26,0,0,26,140,19,704
2023,161,all,86,1,0,87,253,34,1303
2023,17,all,10,0,0,10,107,9,482
2023,171,all,16,3,0,18,124,15,586
2023,18,all,296,36,12,344,1470,23,6770
2023,181,all,34,3,0,37,432,9,1815
2023,19,all,221,60,0,281,1015,28,3676
2023,191,all,411,131,10,552,1351,41,4378
2023,20,all,585,182,17,784,1895,41,11273
2023,21,all,367,0,0,367,430,85,1990
2023,22,all,292,24,6,322,479,67,2238
2023,23,all,141,15,0,156,564,28,2866
2023,24,all,29,10,0,40,280,14,1353
2023,25,all,253,41,9,303,955,32,4616
2023,26,all,146,44,3,192,502,38,2128
2023,27,all,55,27,0,82,555,15,2529
2023,28,all,116,25,5,146,986,15,4180
2023,29,all,131,109,10,249,918,27,4464
2023,30,all,112,23,0,136,247,55,1192
2023,31,all,257,2,0,260,495,52,2269
2023,32,all,65,8,0,73,159,46,690
2023,33,all,326,35,0,361,1152,31,6418
2023,34,all,125,13,2,140,667,21,3083
2023,35,all,279,52,4,335,870,39,3433
2023,36,all,229,45,4,279,787,35,3142
2023,361,all,42,4,0,46,192,24,867
2023,37,all,114,21,0,135,632,21,2411
2023,371,all,9,19,0,28,202,14,870
2023,38,all,173,78,11,261,1275,20,7181
2023,39,all,114,39,16,168,636,26,3601
2023,391,all,84,20,0,104,290,36,2827
2023,40,all,275,0,0,275,372,74,1662
2023,41,all,208,27,0,235,606,39,2874
2023,411,all,100,80,9,189,362,52,1568
2023,42,all,438,10,0,448,845,53,3395
2023,421,all,326,23,0,349,806,43,3919
2023,43,all,236,40,0,276,693,40,3647
2023,44,all,105,31,0,136,262,52,1392
2023,444,all,214,63,11,288,679,42,3565
2023,45,all,91,11,0,101,321,32,1407
2023,46,all,71,46,2,119,411,29,2069
2023,461,all,172,33,6,211,456,46,3185
2023,47,all,82,7,0,89,229,39,1077
2023,471,all,19,0,0,19,84,23,298
2023,48,all,65,2,0,67,205,33,944
2023,481,all,76,42,0,118,268,44,1158
2023,49,all,315,40,0,355,727,49,2689
2023,50,all,69,4,0,73,277,27,1294
2023,500,all,19,4,0,24,110,21,494
2023,501,all,165,66,8,239,522,46,2424
2023,51,all,246,85,0,331,572,58,2759
2023,511,all,223,67,0,290,516,56,2379
2023,512,all,15,7,0,22,25,87,32
2023,52,all,412,103,5,520,922,56,4076
2023,521,all,146,3,0,149,443,34,2127
2023,53,all,255,17,0,272,374,73,1890
2023,54,all,269,72,0,341,622,55,3089
2023,55,all,308,148,5,462,686,67,3049
2023,551,all,176,92,7,275,469,59,2323
2023,56,all,102,6,2,111,298,37,1375
2023,561,all,48,0,0,48,183,26,945
2023,57,all,90,28,0,118,263,45,796
2023,58,all,259,9,2,270,534,51,2249
2023,581,all,218,49,0,266,540,49,2377
2023,59,all,65,3,2,70,168,42,847
2023,591,all,62,24,0,87,180,48,1051
2023,60,all,116,8,0,124,212,58,1137
2023,61,all,141,0,0,141,239,59,1261
2023,62,all,605,37,1,644,1403,46,7375
2023,63,all,261,22,3,286,396,72,1715
2023,64,all,168,7,0,175,387,45,1764
2023,65,all,303,5,0,308,690,45,3239
2023,66,all,225,109,2,337,511,66,2327
2023,67,all,238,136,0,375,557,67,2642
2023,68,all,202,6,0,208,459,45,2225
2023,681,all,172,1,0,173,403,43,2074
2023,682,all,10,0,0,10,13,76,27
2023,69,all,406,115,0,521,1090,48,4191
2023,691,all,64,0,0,64,117,55,426
2023,70,all,772,15,0,787,1118,70,5557
2023,71,all,112,0,0,112,382,29,1819
2023,711,all,405,0,0,405,688,59,3400
2023,72,all,439,91,0,531,884,60,3428
2023,73,all,270,12,0,282,594,48,2871
2023,74,all,107,0,0,107,326,33,1829
2023,741,all,156,19,0,175,372,47,1640
2023,75,all,380,73,5,458,918,50,4072
2023,751,all,240,58,2,301,637,47,2820
2023,76,all,41,0,0,41,86,47,440
2023,77,all,360,40,0,400,1010,40,4616
2023,771,all,278,48,2,328,572,57,2393
2023,78,all,538,48,2,588,1007,58,4735
2023,79,all,163,29,0,192,276,69,1169
2023,791,all,4,11,0,15,20,73,67
2023,80,all,273,2,0,275,604,46,3086
2023,81,all,200,28,1,229,516,44,2402
2023,82,all,173,2,1,176,399,44,1827
2023,83,all,65,6,0,71,92,77,413
2023,84,all,360,112,5,477,1092,44,4863
2023,85,all,380,64,0,444,833,53,4209
2023,851,all,76,2,0,79,156,51,926
2023,86,all,172,26,0,198,422,47,1584
2023,861,all,36,0,0,36,71,50,280
2023,87,all,48,44,9,100,581,17,3639
2023,88,all,33,16,2,51,172,30,591
2023,89,all,31,15,2,49,215,23,972
2023,90,all,12,14,2,28,76,37,273
2023,91,all,48,58,12,118,365,32,1945
2023,92,all,38,29,2,69,299,23,1800
2023,93,all,53,72,7,132,528,25,2930
2023,94,all,83,16,0,99,231,43,1118
2023,95,all,19,30,3,52,188,28,1192
2023,951,all,54,44,0,98,337,29,1544
2023,96,all,64,69,11,145,658,22,4360
2023,97,all,24,15,2,41,92,45,329
2023,98,all,101,70,0,172,405,42,1762
2023,99,all,97,51,13,160,487,33,2652
2023,100,all,23,28,8,59,181,33,739
2023,101,all,89,54,6,148,418,35,1904
2023,102,all,78,23,0,101,277,36,1203
2023,103,all,16,52,35,104,346,30,1553
2023,104,all,195,244,7,446,1078,41,8006
2023,105,all,275,120,11,406,842,48,3829
2023,106,all,66,16,3,85,173,49,614
2023,107,all,98,50,2,151,380,40,1251
2023,109,all,59,43,9,112,451,25,1943
2023,110,all,76,46,3,125,291,43,2111
2023,111,all,33,15,2,50,130,38,661
2023,112,all,45,13,0,58,142,41,663
2023,113,all,19,4,0,23,90,25,355
2023,114,all,23,2,2,28,69,40,215
2023,115,all,21,8,2,30,80,38,305
2023,116,all,61,24,2,88,294,30,1144
2023,117,all,36,18,0,53,149,36,548
2023,118,all,32,11,0,43,113,38,498
2023,119,all,26,20,4,50,159,31,544
2023,120,all,19,13,3,35,95,37,280
2023,121,all,30,15,0,45,105,43,387
2023,122,all,84,19,0,104,276,38,1454
2023,123,all,20,13,0,34,82,41,512
2023,124,all,26,0,0,26,70,37,256
2023,125,all,52,21,0,72,264,27,1888
2023,126,all,57,29,5,91,213,43,1218
2023,127,all,58,31,5,95,290,33,1220
2023,128,all,53,19,3,76,183,42,940
2023,129,all,57,43,4,104,219,47,1420
2023,130,all,29,11,0,40,100,40,660
2023,132,all,47,13,0,59,183,32,760
2023,133,all,5,5,0,10,27,37,107
2023,134,all,27,25,0,52,99,53,766
2023,135,all,11,17,2,30,103,29,497
2023,136,all,43,21,1,66,139,47,579
2023,137,all,45,9,0,54,96,56,308
2023,138,all,5,6,0,11,30,36,69
2023,139,all,79,10,1,90,216,42,1407
2023,140,all,59,0,0,59,203,29,897
2023,141,all,15,7,0,22,35,63,122
2023,142,all,37,17,0,54,83,64,495
2023,143,all,15,3,0,19,55,34,238
2023,144,all,51,20,2,73,155,47,582
2023,145,all,14,7,0,21,52,40,257
2023,146,all,48,15,0,64,204,31,1523
2023,147,all,35,5,2,42,87,48,332
2023,2,rifle_all,26,0,0,26,40,66,182
2023,201,rifle_all,43,0,0,43,45,94,167
2023,3,rifle_all,341,22,2,365,901,40,3395
2023,301,rifle_all,222,6,0,229,506,45,1607
2023,4,rifle_all,243,56,0,299,533,56,2044
2023,441,rifle_all,70,8,0,78,165,47,563
2023,5,rifle_all,51,12,2,65,110,59,356
2023,6,rifle_all,78,1,0,79,148,53,623
2023,7,rifle_all,61,22,3,86,500,17,1958
2023,8,rifle_all,81,34,0,115,547,21,2080
2023,9,rifle_all,59,36,0,95,168,56,1295
2023,10,rifle_all,25,0,0,25,27,93,111
2023,11,rifle_all,212,11,2,225,484,47,1863
2023,211,rifle_all,271,8,0,280,523,53,2039
2023,12,rifle_all,140,5,0,145,440,33,1776
2023,13,rifle_all,92,15,0,107,212,51,840
2023,131,rifle_all,9,2,0,11,39,29,154
2023,231,rifle_all,5,0,0,5,36,15,162
2023,14,rifle_all,2,0,0,2,54,5,231
2023,214,rifle_all,7,1,0,8,37,22,124
2023,15,rifle_all,290,61,12,363,951,38,4211
2023,16,rifle_all,22,0,0,22,94,24,427
2023,161,rifle_all,67,1,0,68,154,44,754
2023,17,rifle_all,10,0,0,10,89,11,391
2023,171,rifle_all,14,3,0,16,102,16,476
2023,18,rifle_all,283,22,12,317,1154,27,4911
2023,181,rifle_all,34,3,0,37,393,10,1678
2023,19,rifle_all,211,36,0,247,687,36,2208
2023,191,rifle_all,399,119,10,528,1129,47,3288
2023,20,rifle_all,556,172,17,746,1599,47,9782
2023,21,rifle_all,334,0,0,334,374,89,1527
2023,22,rifle_all,272,21,6,299,395,76,1658
2023,23,rifle_all,122,9,0,131,359,37,1581
2023,24,rifle_all,21,0,0,21,147,14,566
2023,25,rifle_all,252,32,9,293,799,37,3711
2023,26,rifle_all,144,42,3,188,438,43,1782
2023,27,rifle_all,43,8,0,51,432,12,1472
2023,28,rifle_all,104,21,5,130,755,17,2838
2023,29,rifle_all,106,88,8,202,706,29,2948
2023,30,rifle_all,101,13,0,114,165,69,623
2023,31,rifle_all,217,0,0,217,374,58,1612
2023,32,rifle_all,41,0,0,41,88,46,250
2023,33,rifle_all,298,25,0,323,908,36,4623
2023,34,rifle_all,104,4,0,108,517,21,2181
2023,35,rifle_all,256,39,4,299,763,39,2880
2023,36,rifle_all,209,30,4,243,657,37,2351
2023,361,rifle_all,42,4,0,46,179,26,800
2023,37,rifle_all,83,21,0,104,453,23,1618
2023,371,rifle_all,0,6,0,6,111,6,324
2023,38,rifle_all,150,73,11,234,1072,22,5809
2023,39,rifle_all,72,15,16,103,371,28,1945
2023,391,rifle_all,80,18,0,98,253,39,2540
2023,40,rifle_all,209,0,0,209,277,75,1085
2023,41,rifle_all,176,16,0,192,459,42,1777
2023,411,rifle_all,90,80,9,180,335,54,1375
2023,42,rifle_all,422,2,0,424,727,58,2771
2023,421,rifle_all,268,5,0,273,513,53,2027
2023,43,rifle_all,165,22,0,187,449,42,1940
2023,44,rifle_all,71,26,0,96,153,63,672
2023,444,rifle_all,171,33,9,213,502,42,2112
2023,45,rifle_all,43,4,0,47,162,29,526
2023,46,rifle_all,49,19,2,70,258,27,1005
2023,461,rifle_all,155,30,6,192,395,49,2747
2023,47,rifle_all,72,0,0,72,168,43,769
2023,471,rifle_all,16,0,0,16,51,31,158
2023,48,rifle_all,63,2,0,66,143,46,565
2023,481,rifle_all,71,42,0,113,192,59,691
2023,49,rifle_all,287,35,0,322,580,56,1911
2023,50,rifle_all,65,0,0,65,171,38,595
2023,500,rifle_all,7,0,0,7,48,15,171
2023,501,rifle_all,154,50,8,212,346,61,1105
2023,51,rifle_all,203,63,0,266,414,64,1833
2023,511,rifle_all,150,55,0,205,364,56,1239
2023,512,rifle_all,15,7,0,22,25,87,32
2023,52,rifle_all,397,103,5,505,866,58,3579
2023,521,rifle_all,120,3,0,124,340,36,1450
2023,53,rifle_all,233,17,0,250,318,79,1436
2023,54,rifle_all,234,48,0,282,483,58,2165
2023,55,rifle_all,261,136,5,402,551,73,2232
2023,551,rifle_all,131,82,7,219,352,62,1521
2023,56,rifle_all,80,6,2,88,207,42,842
2023,561,rifle_all,46,0,0,46,133,34,572
2023,57,rifle_all,88,26,0,114,220,52,631
2023,58,rifle_all,210,9,2,221,396,56,1333
2023,581,rifle_all,183,28,0,210,379,55,1366
2023,59,rifle_all,31,0,2,34,98,34,365
2023,591,rifle_all,62,24,0,87,179,49,1049
2023,60,rifle_all,100,8,0,107,168,64,801
2023,61,rifle_all,112,0,0,112,177,64,817
2023,62,rifle_all,533,37,1,572,1095,52,5218
2023,63,rifle_all,230,22,3,254,327,78,1310
2023,64,rifle_all,160,7,0,167,331,50,1347
2023,65,rifle_all,268,5,0,273,541,50,2201
2023,66,rifle_all,174,109,2,285,384,74,1420
2023,67,rifle_all,186,136,0,322,429,75,1811
2023,68,rifle_all,174,6,0,180,351,51,1519
2023,681,rifle_all,146,1,0,147,272,54,1115
2023,682,rifle_all,10,0,0,10,13,76,27
2023,69,rifle_all,351,81,0,433,851,51,2815
2023,691,rifle_all,60,0,0,60,113,53,419
2023,70,rifle_all,727,15,0,742,953,78,4280
2023,71,rifle_all,88,0,0,88,273,32,1096
2023,711,rifle_all,379,0,0,379,611,62,2906
2023,72,rifle_all,391,91,0,482,784,62,2730
2023,73,rifle_all,217,12,0,229,458,50,1811
2023,74,rifle_all,70,0,0,70,179,39,749
2023,741,rifle_all,140,16,0,156,316,50,1329
2023,75,rifle_all,312,66,5,382,689,55,2762
2023,751,rifle_all,222,42,2,266,507,52,1971
2023,76,rifle_all,27,0,0,27,44,61,196
2023,77,rifle_all,315,21,0,336,759,44,3141
2023,771,rifle_all,275,43,2,320,528,61,2157
2023,78,rifle_all,456,18,2,476,728,65,2947
2023,79,rifle_all,153,29,0,181,247,73,998
2023,791,rifle_all,0,11,0,11,17,67,55
2023,80,rifle_all,218,2,0,220,385,57,1650
2023,81,rifle_all,132,28,1,161,286,56,1012
2023,82,rifle_all,140,2,1,143,303,47,1312
2023,83,rifle_all,53,6,0,59,73,81,274
2023,84,rifle_all,318,100,5,423,906,47,3481
2023,85,rifle_all,309,64,0,373,693,54,3299
2023,851,rifle_all,62,2,0,65,123,53,707
2023,86,rifle_all,146,26,0,172,340,50,1147
2023,861,rifle_all,32,0,0,32,50,64,195
2023,87,rifle_all,48,40,9,97,545,18,3350
2023,88,rifle_all,31,14,2,47,146,32,524
2023,89,rifle_all,29,15,2,46,188,25,745
2023,90,rifle_all,7,14,2,23,62,37,217
2023,91,rifle_all,30,49,9,88,265,33,1286
2023,92,rifle_all,23,27,2,53,216,24,1142
2023,93,rifle_all,46,72,5,122,488,25,2653
2023,94,rifle_all,48,11,0,59,156,38,622
2023,95,rifle_all,19,28,3,50,169,29,792
2023,951,rifle_all,43,44,0,87,255,34,1050
2023,96,rifle_all,52,64,9,125,509,25,2980
2023,97,rifle_all,22,15,0,38,80,47,284
2023,98,rifle_all,88,68,0,156,349,45,1315
2023,99,rifle_all,81,51,13,144,392,37,1655
2023,100,rifle_all,23,24,4,51,156,33,592
2023,101,rifle_all,74,52,6,132,339,39,1436
2023,102,rifle_all,64,23,0,87,202,43,775
2023,103,rifle_all,10,50,29,88,237,37,922
2023,104,rifle_all,86,228,7,322,689,47,4712
2023,105,rifle_all,233,112,11,356,684,52,2519
2023,106,rifle_all,60,16,3,79,152,52,516
2023,107,rifle_all,92,49,2,143,354,40,1159
2023,109,rifle_all,49,40,9,98,350,28,1340
2023,110,rifle_all,46,37,3,86,141,61,553
2023,111,rifle_all,18,13,2,33,88,37,320
2023,112,rifle_all,29,10,0,39,78,50,219
2023,113,rifle_all,15,4,0,18,63,29,185
2023,114,rifle_all,21,2,2,26,62,41,196
2023,115,rifle_all,11,8,2,21,59,35,167
2023,116,rifle_all,61,21,2,84,238,35,799
2023,117,rifle_all,36,18,0,53,133,40,480
2023,118,rifle_all,23,11,0,34,70,48,245
2023,119,rifle_all,26,16,4,46,82,56,251
2023,120,rifle_all,12,12,3,27,70,39,220
2023,121,rifle_all,27,15,0,42,80,52,296
2023,122,rifle_all,76,15,0,91,172,53,606
2023,123,rifle_all,8,13,0,21,41,51,116
2023,124,rifle_all,26,0,0,26,61,42,164
2023,125,rifle_all,25,16,0,41,124,33,436
2023,126,rifle_all,55,24,2,81,160,51,618
2023,127,rifle_all,56,23,5,85,190,45,620
2023,128,rifle_all,28,16,0,44,99,45,328
2023,129,rifle_all,43,35,4,82,141,58,473
2023,130,rifle_all,23,9,0,33,63,52,206
2023,132,rifle_all,40,8,0,48,112,43,404
2023,133,rifle_all,5,5,0,10,27,37,107
2023,134,rifle_all,22,17,0,40,58,68,203
2023,135,rifle_all,7,17,2,27,63,42,207
2023,136,rifle_all,35,21,1,57,110,52,407
2023,137,rifle_all,45,9,0,54,88,61,274
2023,138,rifle_all,5,6,0,11,28,38,64
2023,139,rifle_all,68,9,1,78,176,44,697
2023,140,rifle_all,36,0,0,36,137,27,446
2023,141,rifle_all,12,6,0,18,23,78,72
2023,142,rifle_all,19,12,0,31,33,95,199
2023,143,rifle_all,15,2,0,18,53,33,228
2023,144,rifle_all,42,20,2,65,132,49,470
2023,145,rifle_all,6,1,0,7,25,28,79
2023,146,rifle_all,36,10,0,47,97,48,385
2023,147,rifle_all,33,5,0,38,72,54,246
2023,7,rifle_high_country,0,0,0,0,11,0,59
2023,12,rifle_high_country,0,0,0,0,3,0,15
2023,231,rifle_high_country,0,0,0,0,2,0,8
2023,14,rifle_high_country,0,0,0,0,18,0,95
2023,16,rifle_high_country,20,0,0,20,49,42,191
2023,161,rifle_high_country,27,0,0,27,60,45,246
2023,17,rifle_high_country,10,0,0,10,42,23,178
2023,171,rifle_high_country,12,0,0,12,32,37,140
2023,24,rifle_high_country,2,0,0,2,4,50,7
2023,25,rifle_high_country,0,0,0,0,2,0,5
2023,26,rifle_high_country,0,0,0,0,2,0,12
2023,36,rifle_high_country,4,0,0,4,9,51,35
2023,43,rifle_high_country,12,0,0,12,28,41,115
2023,44,rifle_high_country,1,0,0,1,1,100,5
2023,444,rifle_high_country,2,0,0,2,3,56,9
2023,45,rifle_high_country,3,0,0,3,8,35,35
2023,47,rifle_high_country,7,0,0,7,27,28,103
2023,471,rifle_high_country,16,0,0,16,30,54,117
2023,48,rifle_high_country,9,0,0,9,17,54,60
2023,481,rifle_high_country,5,0,0,5,5,100,10
2023,56,rifle_high_country,2,0,0,2,3,50,8
2023,65,rifle_high_country,21,0,0,21,25,83,72
2023,74,rifle_high_country,22,0,0,22,26,85,75
2023,82,rifle_high_country,6,0,0,6,14,41,42
2023,86,rifle_high_country,14,0,0,14,27,51,128
2023,861,rifle_high_country,0,0,0,0,4,0,14
2023,88,rifle_plains,31,14,2,47,146,32,524
2023,89,rifle_plains,29,15,2,46,188,25,745
2023,90,rifle_plains,7,14,2,23,62,37,217
2023,91,rifle_plains,30,21,5,57,186,30,738
2023,92,rifle_plains,23,6,0,29,145,20,568
2023,93,rifle_plains,31,32,0,63,106,59,411
2023,94,rifle_plains,48,11,0,59,156,38,622
2023,95,rifle_plains,19,23,3,45,164,27,784
2023,951,rifle_plains,43,44,0,87,255,34,1050
2023,96,rifle_plains,52,6,6,65,342,19,1561
2023,97,rifle_plains,22,15,0,38,80,47,284
2023,98,rifle_plains,88,68,0,156,349,45,1315
2023,99,rifle_plains,81,47,13,140,386,36,1640
2023,100,rifle_plains,23,24,4,51,156,33,592
2023,101,rifle_plains,43,22,2,67,104,64,360
2023,102,rifle_plains,63,23,0,86,201,43,772
2023,103,rifle_plains,9,27,11,47,170,27,699
2023,104,rifle_plains,72,24,7,103,293,35,1217
2023,105,rifle_plains,226,91,11,328,594,55,2287
2023,106,rifle_plains,58,16,3,77,146,53,500
2023,107,rifle_plains,81,32,2,116,232,50,809
2023,109,rifle_plains,38,30,7,74,198,37,846
2023,110,rifle_plains,44,37,3,84,127,66,489
2023,111,rifle_plains,16,12,2,29,69,42,246
2023,112,rifle_plains,26,10,0,36,48,74,133
2023,113,rifle_plains,15,4,0,18,43,42,138
2023,114,rifle_plains,21,0,2,23,58,41,179
2023,115,rifle_plains,11,4,2,18,49,36,131
2023,116,rifle_plains,49,6,0,55,138,40,524
2023,117,rifle_plains,36,14,0,49,104,47,401
2023,118,rifle_plains,23,11,0,34,70,48,245
2023,119,rifle_plains,23,5,0,28,54,52,159
2023,120,rifle_plains,12,9,3,25,50,50,157
2023,121,rifle_plains,27,13,0,39,74,53,281
2023,122,rifle_plains,66,14,0,80,147,55,539
2023,123,rifle_plains,8,13,0,21,41,51,116
2023,124,rifle_plains,26,0,0,26,53,48,135
2023,125,rifle_plains,21,7,0,28,68,41,204
2023,126,rifle_plains,33,11,2,46,88,52,325
2023,127,rifle_plains,42,14,5,61,123,50,450
2023,128,rifle_plains,23,6,0,29,71,41,239
2023,129,rifle_plains,25,22,4,51,91,56,279
2023,130,rifle_plains,21,9,0,30,54,56,180
2023,132,rifle_plains,32,5,0,37,78,48,280
2023,133,rifle_plains,5,3,0,8,22,35,86
2023,134,rifle_plains,18,2,0,19,31,63,127
2023,135,rifle_plains,7,9,0,16,37,43,146
2023,136,rifle_plains,21,3,0,25,54,45,212
2023,137,rifle_plains,45,9,0,54,83,64,252
2023,138,rifle_plains,5,5,0,9,27,34,63
2023,139,rifle_plains,44,7,0,52,90,58,305
2023,141,rifle_plains,7,6,0,13,18,73,57
2023,142,rifle_plains,19,12,0,31,33,95,199
2023,143,rifle_plains,15,2,0,18,48,36,203
2023,144,rifle_plains,40,19,2,61,113,54,421
2023,145,rifle_plains,6,1,0,7,17,42,50
2023,146,rifle_plains,33,9,0,42,76,55,292
2023,147,rifle_plains,29,3,0,32,54,60,181
2023,301,ranching,23,1,0,24,39,62,130
2023,4,ranching,40,5,0,45,55,82,157
2023,441,ranching,3,1,0,4,5,80,5
2023,5,ranching,18,3,0,21,24,88,69
2023,6,ranching,1,0,0,1,4,25,24
2023,10,ranching,1,0,0,1,1,100,5
2023,11,ranching,4,0,0,4,8,50,20
2023,211,ranching,24,0,0,24,30,80,68
2023,214,ranching,2,1,0,3,4,75,6
2023,23,ranching,7,1,0,8,8,100,10
2023,25,ranching,24,5,1,30,47,64,160
2023,40,ranching,10,0,0,10,14,71,56
2023,851,ranching,10,0,0,10,13,77,35
2023,104,ranching,12,9,0,21,25,84,74
2023,136,ranching,14,16,0,30,42,71,152
2023,6,early_late,4,1,0,5,12,45,31
2023,7,early_late,0,0,0,0,11,0,59
2023,9,early_late,59,29,0,88,155,57,1275
2023,12,early_late,0,0,0,0,3,0,15
2023,231,early_late,0,0,0,0,2,0,8
2023,14,early_late,0,0,0,0,18,0,95
2023,16,early_late,3,0,0,3,9,39,27
2023,161,early_late,5,1,0,6,11,53,43
2023,171,early_late,0,3,0,3,3,100,3
2023,19,early_late,0,7,0,7,41,18,164
2023,191,early_late,0,43,4,47,62,76,133
2023,20,early_late,333,160,16,509,1038,49,7708
2023,24,early_late,2,0,0,2,4,50,7
2023,25,early_late,0,0,0,0,2,0,5
2023,26,early_late,0,0,0,0,2,0,12
2023,29,early_late,27,45,0,72,195,37,1228
2023,33,early_late,0,18,0,18,32,56,291
2023,36,early_late,4,0,0,4,9,51,35
2023,38,early_late,61,63,6,130,557,23,4227
2023,39,early_late,0,6,11,17,78,21,892
2023,391,early_late,73,18,0,91,240,38,2491
2023,411,early_late,0,77,9,87,126,69,646
2023,43,early_late,12,0,0,12,28,41,115
2023,44,early_late,1,0,0,1,1,100,5
2023,444,early_late,2,0,0,2,3,56,9
2023,45,early_late,3,0,0,3,8,35,35
2023,46,early_late,0,6,0,6,17,32,17
2023,461,early_late,146,30,6,182,379,48,2709
2023,47,early_late,7,0,0,7,27,28,103
2023,471,early_late,16,0,0,16,30,54,117
2023,48,early_late,11,2,0,14,31,44,111
2023,481,early_late,5,14,0,19,22,83,117
2023,51,early_late,64,63,0,126,180,70,1069
2023,511,early_late,0,0,0,0,14,0,106
2023,52,early_late,31,103,5,139,234,59,1081
2023,521,early_late,3,3,0,6,19,33,92
2023,53,early_late,0,17,0,17,30,56,200
2023,54,early_late,0,5,0,5,12,39,47
2023,55,early_late,0,2,2,4,12,33,43
2023,551,early_late,0,0,0,0,9,0,77
2023,56,early_late,2,0,0,2,6,29,13
2023,58,early_late,0,0,0,0,5,0,7
2023,581,early_late,0,0,0,0,7,0,12
2023,59,early_late,0,0,2,2,38,6,168
2023,591,early_late,62,24,0,87,179,49,1049
2023,62,early_late,28,6,0,34,89,38,281
2023,63,early_late,0,22,3,25,35,71,96
2023,64,early_late,0,2,0,2,20,11,79
2023,65,early_late,30,2,0,32,40,79,114
2023,69,early_late,12,10,0,22,36,60,163
2023,691,early_late,0,0,0,0,2,0,2
2023,72,early_late,0,34,0,34,41,85,178
2023,73,early_late,0,12,0,12,16,80,34
2023,74,early_late,22,0,0,22,26,85,75
2023,75,early_late,0,29,5,34,58,58,380
2023,751,early_late,0,10,0,10,10,100,53
2023,77,early_late,0,3,0,3,7,50,20
2023,771,early_late,0,25,2,27,40,67,310
2023,78,early_late,0,3,0,3,5,67,52
2023,79,early_late,0,21,0,21,36,57,160
2023,791,early_late,0,11,0,11,17,67,55
2023,82,early_late,6,0,0,6,14,41,42
2023,84,early_late,10,17,2,29,196,15,945
2023,85,early_late,2,7,0,10,60,16,397
2023,851,early_late,2,2,0,5,24,20,322
2023,86,early_late,14,0,0,14,37,38,172
2023,861,early_late,2,0,0,2,8,29,24
2023,87,early_late,12,3,0,15,79,18,360
2023,88,early_late,11,6,2,19,81,23,296
2023,89,early_late,5,13,2,20,102,20,407
2023,90,early_late,0,9,2,11,35,30,131
2023,91,early_late,20,8,5,33,102,33,478
2023,92,early_late,14,3,0,17,94,18,371
2023,93,early_late,17,12,0,29,51,57,211
2023,94,early_late,24,0,0,24,77,31,371
2023,95,early_late,6,10,0,16,89,18,467
2023,951,early_late,22,15,0,37,118,31,580
2023,96,early_late,23,2,2,28,211,13,1060
2023,97,early_late,11,15,0,26,45,57,177
2023,98,early_late,50,24,0,75,183,41,794
2023,99,early_late,38,13,13,63,194,33,857
2023,100,early_late,11,11,0,22,83,26,302
2023,101,early_late,25,14,0,39,59,66,192
2023,102,early_late,56,14,0,71,170,42,654
2023,103,early_late,2,29,20,51,136,38,514
2023,104,early_late,40,14,4,57,165,34,641
2023,105,early_late,75,55,7,137,268,51,879
2023,106,early_late,12,7,3,22,39,55,132
2023,107,early_late,47,21,0,68,165,41,576
2023,109,early_late,28,15,5,47,186,26,691
2023,116,early_late,28,7,0,34,110,31,420
2023,117,early_late,11,5,0,16,78,20,254
2023,122,early_late,30,7,0,38,73,51,283
2023,125,early_late,16,4,0,20,53,38,220
2023,126,early_late,30,15,0,45,90,51,391
2023,127,early_late,24,11,3,38,92,41,325
2023,129,early_late,16,14,0,31,46,67,154
2023,130,early_late,13,4,0,16,34,48,112
2023,132,early_late,21,0,0,21,57,37,209
2023,136,early_late,3,3,1,8,22,34,58
2023,137,early_late,40,9,0,50,78,64,242
2023,138,early_late,5,6,0,11,20,54,45
2023,139,early_late,34,7,0,42,84,50,360
2023,140,early_late,0,0,0,0,3,0,16
2023,141,early_late,5,6,0,11,14,78,33
2023,142,early_late,19,12,0,31,33,95,199
2023,143,early_late,13,2,0,15,42,37,184
2023,144,early_late,31,15,2,48,84,57,316
2023,145,early_late,3,1,0,5,14,35,38
2023,146,early_late,21,2,0,23,49,47,233
2023,147,early_late,10,1,0,11,21,52,57
2023,2,rifle_2nd,14,0,0,14,21,66,103
2023,201,rifle_2nd,23,0,0,23,23,100,78
2023,3,rifle_2nd,128,13,0,141,343,41,1311
2023,301,rifle_2nd,62,4,0,65,163,40,447
2023,4,rifle_2nd,70,24,0,94,198,47,809
2023,441,rifle_2nd,30,7,0,38,74,51,251
2023,5,rifle_2nd,10,5,2,17,42,41,121
2023,6,rifle_2nd,36,0,0,36,86,42,398
2023,7,rifle_2nd,32,7,3,42,234,18,943
2023,8,rifle_2nd,22,27,0,49,251,19,932
2023,9,rifle_2nd,0,3,0,3,6,50,10
2023,10,rifle_2nd,14,0,0,14,16,88,77
2023,11,rifle_2nd,71,0,2,73,188,39,797
2023,211,rifle_2nd,93,0,0,93,194,48,731
2023,12,rifle_2nd,44,0,0,44,149,29,592
2023,13,rifle_2nd,48,0,0,48,93,52,408
2023,131,rifle_2nd,9,2,0,11,25,46,100
2023,231,rifle_2nd,5,0,0,5,25,22,106
2023,14,rifle_2nd,2,0,0,2,26,9,104
2023,214,rifle_2nd,5,0,0,5,23,22,75
2023,15,rifle_2nd,151,36,3,190,544,35,2449
2023,16,rifle_2nd,19,0,0,19,70,27,324
2023,161,rifle_2nd,41,0,0,41,106,39,539
2023,17,rifle_2nd,10,0,0,10,68,14,294
2023,171,rifle_2nd,14,0,0,14,65,21,324
2023,18,rifle_2nd,115,12,0,127,614,21,2739
2023,181,rifle_2nd,13,3,0,17,173,10,816
2023,19,rifle_2nd,77,6,0,83,233,36,827
2023,191,rifle_2nd,140,55,3,199,424,47,1307
2023,20,rifle_2nd,57,4,1,62,174,36,714
2023,21,rifle_2nd,268,0,0,268,292,92,1206
2023,22,rifle_2nd,133,9,1,143,184,78,799
2023,23,rifle_2nd,61,0,0,61,162,38,773
2023,24,rifle_2nd,15,0,0,15,64,23,280
2023,25,rifle_2nd,127,20,5,151,410,37,1956
2023,26,rifle_2nd,50,17,3,70,204,34,892
2023,27,rifle_2nd,19,0,0,19,234,8,857
2023,28,rifle_2nd,34,9,5,48,395,12,1634
2023,29,rifle_2nd,21,13,5,38,201,19,789
2023,30,rifle_2nd,58,6,0,64,90,72,315
2023,31,rifle_2nd,93,0,0,93,145,64,587
2023,32,rifle_2nd,21,0,0,21,49,44,155
2023,33,rifle_2nd,163,0,0,163,393,41,1808
2023,34,rifle_2nd,36,2,0,38,253,15,1106
2023,35,rifle_2nd,146,21,0,167,428,39,1639
2023,36,rifle_2nd,106,21,4,131,350,38,1270
2023,361,rifle_2nd,22,4,0,26,114,23,559
2023,37,rifle_2nd,56,3,0,59,188,31,690
2023,371,rifle_2nd,0,0,0,0,41,0,101
2023,38,rifle_2nd,20,3,0,23,163,14,612
2023,39,rifle_2nd,18,3,3,23,93,24,324
2023,391,rifle_2nd,2,0,0,2,5,33,23
2023,40,rifle_2nd,107,0,0,107,130,82,484
2023,41,rifle_2nd,93,0,0,93,265,35,1107
2023,411,rifle_2nd,60,0,0,60,135,44,466
2023,42,rifle_2nd,254,2,0,256,484,53,2041
2023,421,rifle_2nd,189,5,0,194,396,49,1515
2023,43,rifle_2nd,104,9,0,113,249,45,1139
2023,44,rifle_2nd,41,15,0,55,101,55,476
2023,444,rifle_2nd,92,22,2,116,317,36,1334
2023,45,rifle_2nd,37,4,0,42,128,32,423
2023,46,rifle_2nd,5,8,0,13,86,15,405
2023,461,rifle_2nd,2,0,0,2,2,100,2
2023,47,rifle_2nd,49,0,0,49,112,44,580
2023,471,rifle_2nd,0,0,0,0,14,0,22
2023,48,rifle_2nd,24,0,0,24,77,32,339
2023,481,rifle_2nd,26,13,0,39,91,43,331
2023,49,rifle_2nd,169,18,0,187,359,52,1258
2023,50,rifle_2nd,24,0,0,24,88,28,316
2023,500,rifle_2nd,7,0,0,7,33,21,112
2023,501,rifle_2nd,57,21,8,86,160,54,553
2023,51,rifle_2nd,43,0,0,43,92,47,319
2023,511,rifle_2nd,68,28,0,97,169,57,560
2023,52,rifle_2nd,167,0,0,167,334,50,1489
2023,521,rifle_2nd,75,0,0,75,216,35,1016
2023,53,rifle_2nd,133,0,0,133,169,78,738
2023,54,rifle_2nd,165,15,0,180,343,53,1608
2023,55,rifle_2nd,167,73,3,243,348,70,1438
2023,551,rifle_2nd,92,49,7,148,245,61,1056
2023,56,rifle_2nd,36,0,0,36,118,31,466
2023,561,rifle_2nd,30,0,0,30,75,41,350
2023,57,rifle_2nd,53,11,0,65,109,60,310
2023,58,rifle_2nd,122,7,0,129,253,51,881
2023,581,rifle_2nd,79,0,0,79,146,54,485
2023,59,rifle_2nd,19,0,0,19,32,60,109
2023,60,rifle_2nd,50,3,0,53,79,67,410
2023,61,rifle_2nd,56,0,0,56,87,64,380
2023,62,rifle_2nd,262,5,0,266,478,56,2385
2023,63,rifle_2nd,107,0,0,107,155,69,737
2023,64,rifle_2nd,82,0,0,82,169,48,729
2023,65,rifle_2nd,105,0,0,105,267,39,1117
2023,66,rifle_2nd,120,62,2,183,259,71,916
2023,67,rifle_2nd,126,77,0,204,281,72,1246
2023,68,rifle_2nd,92,0,0,92,174,53,781
2023,681,rifle_2nd,89,0,0,89,164,54,748
2023,682,rifle_2nd,0,0,0,0,3,0,6
2023,69,rifle_2nd,204,16,0,220,451,49,1526
2023,691,rifle_2nd,35,0,0,35,80,44,317
2023,70,rifle_2nd,321,10,0,330,447,74,2032
2023,71,rifle_2nd,41,0,0,41,109,37,433
2023,711,rifle_2nd,140,0,0,140,236,59,1134
2023,72,rifle_2nd,151,21,0,172,289,60,1001
2023,73,rifle_2nd,85,0,0,85,171,50,799
2023,74,rifle_2nd,22,0,0,22,86,25,395
2023,741,rifle_2nd,73,5,0,78,165,47,768
2023,75,rifle_2nd,146,14,0,160,298,54,1163
2023,751,rifle_2nd,88,4,2,93,190,49,781
2023,76,rifle_2nd,11,0,0,11,24,47,118
2023,77,rifle_2nd,233,13,0,246,448,55,1929
2023,771,rifle_2nd,104,2,0,105,172,61,750
2023,78,rifle_2nd,293,5,2,299,454,66,1913
2023,79,rifle_2nd,59,0,0,59,88,67,418
2023,80,rifle_2nd,90,0,0,90,162,56,716
2023,81,rifle_2nd,62,0,0,62,117,53,553
2023,82,rifle_2nd,69,0,0,69,148,47,678
2023,83,rifle_2nd,19,0,0,19,25,77,92
2023,84,rifle_2nd,138,21,3,162,346,47,1355
2023,85,rifle_2nd,161,0,0,161,310,52,1317
2023,851,rifle_2nd,34,0,0,34,60,56,261
2023,86,rifle_2nd,67,11,0,77,190,41,622
2023,861,rifle_2nd,19,0,0,19,28,68,120
2023,140,rifle_2nd,14,0,0,14,72,20,205
2023,2,rifle_3rd,13,0,0,13,19,66,80
2023,201,rifle_3rd,17,0,0,17,19,87,77
2023,3,rifle_3rd,176,9,2,186,492,38,1876
2023,301,rifle_3rd,106,2,0,108,255,42,884
2023,4,rifle_3rd,107,20,0,127,219,58,899
2023,441,rifle_3rd,33,0,0,33,73,45,256
2023,5,rifle_3rd,10,4,0,14,25,57,89
2023,6,rifle_3rd,20,0,0,20,29,69,122
2023,7,rifle_3rd,21,13,0,34,174,19,688
2023,8,rifle_3rd,49,7,0,56,227,25,977
2023,9,rifle_3rd,0,3,0,3,7,50,10
2023,10,rifle_3rd,10,0,0,10,10,100,29
2023,11,rifle_3rd,130,7,0,136,256,53,942
2023,211,rifle_3rd,139,5,0,144,252,57,1064
2023,12,rifle_3rd,81,5,0,86,257,34,1063
2023,13,rifle_3rd,23,8,0,31,77,40,317
2023,131,rifle_3rd,0,0,0,0,14,0,54
2023,231,rifle_3rd,0,0,0,0,9,0,48
2023,14,rifle_3rd,0,0,0,0,9,0,32
2023,214,rifle_3rd,0,0,0,0,10,0,43
2023,15,rifle_3rd,118,25,8,151,368,41,1618
2023,16,rifle_3rd,0,0,0,0,15,0,76
2023,161,rifle_3rd,18,0,0,18,33,55,157
2023,17,rifle_3rd,0,0,0,0,16,0,81
2023,171,rifle_3rd,0,0,0,0,32,0,147
2023,18,rifle_3rd,150,10,12,172,486,35,2024
2023,181,rifle_3rd,17,0,0,17,192,9,765
2023,19,rifle_3rd,101,22,0,122,316,39,982
2023,191,rifle_3rd,168,21,3,192,457,42,1406
2023,20,rifle_3rd,72,4,0,76,173,44,700
2023,21,rifle_3rd,67,0,0,67,82,82,321
2023,22,rifle_3rd,127,12,5,144,197,73,818
2023,23,rifle_3rd,36,8,0,44,157,28,667
2023,24,rifle_3rd,4,0,0,4,73,6,255
2023,25,rifle_3rd,85,8,3,95,301,32,1468
2023,26,rifle_3rd,78,25,0,103,208,49,801
2023,27,rifle_3rd,19,8,0,28,169,16,542
2023,28,rifle_3rd,58,12,0,71,306,23,1028
2023,29,rifle_3rd,35,19,0,54,165,32,519
2023,30,rifle_3rd,37,7,0,44,61,73,246
2023,31,rifle_3rd,113,0,0,113,217,52,983
2023,32,rifle_3rd,19,0,0,19,39,50,95
2023,33,rifle_3rd,128,0,0,128,413,31,2066
2023,34,rifle_3rd,54,2,0,56,216,26,911
2023,35,rifle_3rd,111,18,4,133,326,41,1210
2023,36,rifle_3rd,96,9,0,105,279,38,979
2023,361,rifle_3rd,20,0,0,20,65,31,241
2023,37,rifle_3rd,8,19,0,27,215,12,778
2023,371,rifle_3rd,0,6,0,6,63,10,212
2023,38,rifle_3rd,22,2,2,26,171,15,551
2023,39,rifle_3rd,40,5,0,45,128,35,504
2023,391,rifle_3rd,0,0,0,0,3,0,3
2023,40,rifle_3rd,83,0,0,83,117,71,501
2023,41,rifle_3rd,83,2,0,85,162,53,532
2023,411,rifle_3rd,24,0,0,24,58,42,219
2023,42,rifle_3rd,168,0,0,168,243,69,730
2023,421,rifle_3rd,78,0,0,78,116,67,511
2023,43,rifle_3rd,43,14,0,56,151,37,599
2023,44,rifle_3rd,15,11,0,27,33,80,105
2023,444,rifle_3rd,57,11,8,75,152,50,679
2023,45,rifle_3rd,3,0,0,3,26,11,68
2023,46,rifle_3rd,28,3,0,31,85,36,350
2023,461,rifle_3rd,3,0,0,3,10,33,27
2023,47,rifle_3rd,15,0,0,15,30,51,86
2023,471,rifle_3rd,0,0,0,0,7,0,18
2023,48,rifle_3rd,27,0,0,27,36,77,115
2023,481,rifle_3rd,40,16,0,56,80,70,244
2023,49,rifle_3rd,119,17,0,135,221,61,653
2023,50,rifle_3rd,41,0,0,41,83,50,279
2023,500,rifle_3rd,0,0,0,0,15,0,59
2023,501,rifle_3rd,71,29,0,100,160,62,491
2023,51,rifle_3rd,60,0,0,60,92,66,308
2023,511,rifle_3rd,27,25,0,52,82,64,278
2023,52,rifle_3rd,192,0,0,192,276,69,943
2023,521,rifle_3rd,37,0,0,37,96,38,318
2023,53,rifle_3rd,97,0,0,97,109,89,450
2023,54,rifle_3rd,59,28,0,87,114,76,458
2023,55,rifle_3rd,76,61,0,138,169,82,661
2023,551,rifle_3rd,24,33,0,57,83,69,341
2023,56,rifle_3rd,42,1,2,44,71,63,269
2023,561,rifle_3rd,15,0,0,15,58,26,222
2023,57,rifle_3rd,35,14,0,49,108,45,317
2023,58,rifle_3rd,88,2,2,92,138,67,445
2023,581,rifle_3rd,104,2,0,106,186,57,623
2023,59,rifle_3rd,12,0,0,12,27,44,87
2023,60,rifle_3rd,48,5,0,53,84,63,370
2023,61,rifle_3rd,57,0,0,57,90,63,437
2023,62,rifle_3rd,242,6,0,248,489,51,2254
2023,63,rifle_3rd,115,0,0,115,127,91,443
2023,64,rifle_3rd,74,0,0,74,132,56,466
2023,65,rifle_3rd,121,0,0,121,213,57,871
2023,66,rifle_3rd,37,48,0,84,103,82,411
2023,67,rifle_3rd,39,59,0,98,122,80,467
2023,68,rifle_3rd,77,0,0,77,154,50,680
2023,681,rifle_3rd,49,0,0,49,95,52,335
2023,682,rifle_3rd,10,0,0,10,10,100,20
2023,69,rifle_3rd,120,11,0,131,275,48,916
2023,691,rifle_3rd,25,0,0,25,31,82,100
2023,70,rifle_3rd,364,5,0,369,451,82,2062
2023,71,rifle_3rd,48,0,0,48,155,31,640
2023,711,rifle_3rd,207,0,0,207,335,62,1635
2023,72,rifle_3rd,198,23,0,222,387,57,1344
2023,73,rifle_3rd,127,0,0,127,250,51,912
2023,74,rifle_3rd,21,0,0,21,56,37,244
2023,741,rifle_3rd,42,6,0,49,98,50,408
2023,75,rifle_3rd,144,11,0,156,283,55,1052
2023,751,rifle_3rd,103,16,0,120,234,51,902
2023,76,rifle_3rd,16,0,0,16,20,78,78
2023,77,rifle_3rd,63,5,0,68,258,26,1066
2023,771,rifle_3rd,126,2,0,128,242,53,873
2023,78,rifle_3rd,138,5,0,143,226,63,873
2023,79,rifle_3rd,87,0,0,87,99,87,365
2023,80,rifle_3rd,107,0,0,107,190,56,844
2023,81,rifle_3rd,53,0,0,53,111,48,300
2023,82,rifle_3rd,46,0,0,46,108,42,470
2023,83,rifle_3rd,26,0,0,26,29,88,118
2023,84,rifle_3rd,150,6,0,156,281,56,995
2023,85,rifle_3rd,146,0,0,146,230,63,917
2023,851,rifle_3rd,16,0,0,16,25,65,89
2023,86,rifle_3rd,61,11,0,72,102,70,318
2023,861,rifle_3rd,11,0,0,11,14,78,51
2023,140,rifle_3rd,22,0,0,22,62,35,225
2023,3,rifle_4th,20,0,0,20,32,63,126
2023,301,rifle_4th,31,0,0,31,48,65,146
2023,4,rifle_4th,26,6,0,32,56,56,164
2023,441,rifle_4th,4,0,0,4,13,31,50
2023,5,rifle_4th,13,0,0,13,20,63,78
2023,6,rifle_4th,17,0,0,17,17,100,48
2023,7,rifle_4th,8,0,0,8,78,10,260
2023,8,rifle_4th,10,0,0,10,68,14,171
2023,11,rifle_4th,8,5,0,12,31,39,104
2023,211,rifle_4th,16,3,0,19,46,41,177
2023,12,rifle_4th,15,0,0,15,30,50,106
2023,13,rifle_4th,21,7,0,29,42,69,115
2023,15,rifle_4th,21,0,0,21,39,55,143
2023,161,rifle_4th,2,0,0,2,4,50,15
2023,17,rifle_4th,0,0,0,0,4,0,16
2023,171,rifle_4th,0,0,0,0,2,0,2
2023,18,rifle_4th,18,0,0,18,53,34,147
2023,181,rifle_4th,4,0,0,4,28,13,97
2023,19,rifle_4th,34,0,0,34,98,35,235
2023,191,rifle_4th,91,0,0,91,186,49,441
2023,20,rifle_4th,95,4,0,99,215,46,660
2023,22,rifle_4th,12,0,0,12,14,87,42
2023,23,rifle_4th,18,0,0,18,33,54,131
2023,24,rifle_4th,0,0,0,0,7,0,25
2023,25,rifle_4th,16,0,0,16,40,40,121
2023,26,rifle_4th,16,0,0,16,24,67,77
2023,27,rifle_4th,4,0,0,4,29,15,73
2023,28,rifle_4th,11,0,0,11,54,21,176
2023,29,rifle_4th,23,12,3,38,143,27,408
2023,30,rifle_4th,6,0,0,6,15,37,62
2023,31,rifle_4th,12,0,0,12,12,100,41
2023,33,rifle_4th,7,0,0,7,27,25,103
2023,34,rifle_4th,14,0,0,14,48,29,164
2023,35,rifle_4th,0,0,0,0,10,0,31
2023,36,rifle_4th,3,0,0,3,19,13,67
2023,37,rifle_4th,19,0,0,19,50,37,149
2023,371,rifle_4th,0,0,0,0,7,0,11
2023,38,rifle_4th,45,2,2,49,169,29,390
2023,39,rifle_4th,15,2,2,19,71,26,225
2023,391,rifle_4th,6,0,0,6,6,100,22
2023,40,rifle_4th,8,0,0,8,10,83,34
2023,411,rifle_4th,6,0,0,6,8,78,24
2023,43,rifle_4th,6,0,0,6,20,28,83
2023,44,rifle_4th,12,0,0,12,16,78,59
2023,444,rifle_4th,20,0,0,20,30,67,90
2023,46,rifle_4th,15,4,2,20,69,30,233
2023,461,rifle_4th,5,0,0,5,5,100,9
2023,501,rifle_4th,26,0,0,26,26,100,61
2023,51,rifle_4th,37,0,0,37,51,72,138
2023,511,rifle_4th,54,0,0,54,93,58,290
2023,52,rifle_4th,7,0,0,7,21,33,67
2023,521,rifle_4th,5,0,0,5,8,67,24
2023,53,rifle_4th,4,0,0,4,10,37,48
2023,54,rifle_4th,11,0,0,11,15,71,52
2023,55,rifle_4th,18,0,0,18,23,79,90
2023,551,rifle_4th,13,0,0,13,15,89,46
2023,60,rifle_4th,2,0,0,2,5,40,21
2023,63,rifle_4th,8,0,0,8,10,83,33
2023,64,rifle_4th,4,0,0,4,4,100,17
2023,65,rifle_4th,12,0,0,12,16,78,58
2023,66,rifle_4th,17,0,0,17,22,79,93
2023,67,rifle_4th,21,0,0,21,25,84,98
2023,68,rifle_4th,5,0,0,5,12,39,45
2023,681,rifle_4th,8,0,0,8,10,73,27
2023,69,rifle_4th,15,0,0,15,21,74,44
2023,70,rifle_4th,43,0,0,43,55,77,186
2023,71,rifle_4th,0,0,0,0,9,0,23
2023,711,rifle_4th,32,0,0,32,40,80,137
2023,72,rifle_4th,37,11,0,48,62,77,201
2023,73,rifle_4th,4,0,0,4,22,18,66
2023,74,rifle_4th,5,0,0,5,10,50,35
2023,741,rifle_4th,25,5,0,29,48,61,149
2023,75,rifle_4th,21,7,0,29,45,64,136
2023,751,rifle_4th,31,12,0,43,73,59,236
2023,77,rifle_4th,19,0,0,19,47,41,125
2023,771,rifle_4th,45,5,0,50,64,79,196
2023,78,rifle_4th,25,5,0,30,43,70,109
2023,79,rifle_4th,7,0,0,7,9,80,22
2023,80,rifle_4th,21,0,0,21,31,66,86
2023,81,rifle_4th,17,0,0,17,23,75,61
2023,82,rifle_4th,19,0,0,19,27,71,106
2023,83,rifle_4th,8,0,0,8,13,63,52
2023,84,rifle_4th,20,0,0,20,25,82,59
2023,86,rifle_4th,5,0,0,5,7,65,27
2023,201,archery,5,0,0,5,7,64,63
2023,3,archery,5,5,0,11,67,16,529
2023,301,archery,5,0,0,5,16,33,100
2023,4,archery,3,8,0,11,98,11,524
2023,441,archery,0,3,0,3,52,6,288
2023,5,archery,0,11,0,11,89,13,497
2023,6,archery,3,0,0,3,57,5,450
2023,7,archery,17,9,0,26,304,9,1802
2023,8,archery,28,31,0,59,386,15,2558
2023,9,archery,0,0,0,0,33,0,204
2023,10,archery,1,0,0,1,5,20,66
2023,11,archery,2,2,0,5,24,19,132
2023,211,archery,0,0,0,0,12,0,125
2023,12,archery,4,11,0,14,71,20,611
2023,13,archery,0,0,0,0,8,0,83
2023,131,archery,2,0,0,2,21,11,140
2023,231,archery,2,8,0,10,52,19,383
2023,14,archery,11,11,0,22,117,19,784
2023,214,archery,8,5,3,16,75,22,388
2023,15,archery,9,11,0,20,116,17,944
2023,16,archery,4,0,0,4,28,14,188
2023,161,archery,15,0,0,15,62,25,351
2023,17,archery,0,0,0,0,9,0,64
2023,171,archery,2,0,0,2,22,9,110
2023,18,archery,2,0,0,2,129,1,957
2023,181,archery,0,0,0,0,10,0,56
2023,19,archery,9,14,0,24,195,12,1026
2023,191,archery,7,7,0,14,136,11,757
2023,20,archery,10,6,0,16,206,8,1097
2023,21,archery,24,0,0,24,42,57,421
2023,22,archery,8,3,0,11,49,22,367
2023,23,archery,8,5,0,13,146,9,1050
2023,24,archery,5,7,0,12,89,14,556
2023,25,archery,0,6,0,6,92,7,644
2023,26,archery,0,2,0,2,21,10,103
2023,27,archery,6,19,0,25,56,45,696
2023,28,archery,4,4,0,7,133,5,827
2023,29,archery,18,9,0,27,126,21,1169
2023,30,archery,7,10,0,17,70,25,527
2023,31,archery,21,2,0,23,69,34,403
2023,32,archery,8,8,0,16,39,40,292
2023,33,archery,3,6,0,9,124,7,1172
2023,34,archery,3,3,0,6,62,9,493
2023,35,archery,4,8,0,12,33,35,253
2023,36,archery,17,8,0,24,49,50,391
2023,361,archery,0,0,0,0,4,0,42
2023,37,archery,14,0,0,14,94,15,480
2023,371,archery,4,13,0,16,56,29,387
2023,38,archery,17,3,0,20,156,13,1156
2023,39,archery,14,20,0,33,168,20,1252
2023,391,archery,4,0,0,4,30,13,248
2023,40,archery,44,0,0,44,67,65,458
2023,41,archery,22,9,0,32,91,35,776
2023,411,archery,3,0,0,3,13,20,140
2023,42,archery,6,6,0,12,63,19,350
2023,421,archery,35,16,0,51,180,28,1340
2023,43,archery,29,12,0,41,112,37,1055
2023,44,archery,18,3,0,21,53,39,443
2023,444,archery,27,24,2,53,113,47,1135
2023,45,archery,18,4,0,22,88,25,581
2023,46,archery,8,20,0,28,88,32,811
2023,461,archery,17,3,0,19,53,37,416
2023,47,archery,0,7,0,7,27,25,134
2023,471,archery,3,0,0,3,19,18,92
2023,48,archery,2,0,0,2,38,5,297
2023,481,archery,5,0,0,5,54,10,394
2023,49,archery,12,0,0,12,86,14,492
2023,50,archery,1,4,0,6,81,7,596
2023,500,archery,4,4,0,9,46,19,230
2023,501,archery,6,9,0,14,116,12,1064
2023,51,archery,25,5,0,31,84,37,630
2023,511,archery,48,0,0,48,103,47,897
2023,52,archery,8,0,0,8,42,19,402
2023,521,archery,11,0,0,11,63,18,467
2023,53,archery,13,0,0,13,39,35,374
2023,54,archery,12,9,0,21,73,29,627
2023,55,archery,24,6,0,30,75,40,529
2023,551,archery,15,5,0,19,59,33,518
2023,56,archery,16,0,0,16,49,33,349
2023,561,archery,0,0,0,0,35,0,291
2023,57,archery,0,0,0,0,25,0,102
2023,58,archery,37,0,0,37,95,38,674
2023,581,archery,25,21,0,46,125,37,862
2023,59,archery,24,0,0,24,47,52,393
2023,60,archery,8,0,0,8,35,22,286
2023,61,archery,25,0,0,25,42,59,337
2023,62,archery,34,0,0,34,163,21,1444
2023,63,archery,20,0,0,20,46,44,288
2023,64,archery,3,0,0,3,31,10,287
2023,65,archery,16,0,0,16,93,17,796
2023,66,archery,25,0,0,25,73,35,667
2023,67,archery,27,0,0,27,68,39,517
2023,68,archery,3,0,0,3,53,6,394
2023,681,archery,8,0,0,8,63,14,605
2023,69,archery,28,22,0,50,145,35,994
2023,70,archery,20,0,0,20,103,19,989
2023,71,archery,16,0,0,16,76,20,554
2023,711,archery,9,0,0,9,44,20,318
2023,72,archery,16,0,0,16,51,32,499
2023,73,archery,32,0,0,32,80,40,839
2023,74,archery,13,0,0,13,81,16,726
2023,741,archery,6,0,0,6,33,20,219
2023,75,archery,26,6,0,32,102,31,736
2023,751,archery,5,17,0,22,62,35,567
2023,76,archery,5,0,0,5,24,23,180
2023,77,archery,12,11,0,23,141,16,1001
2023,771,archery,0,3,0,3,30,12,183
2023,78,archery,47,30,0,77,185,42,1325
2023,79,archery,0,0,0,0,8,0,65
2023,80,archery,16,0,0,16,111,15,941
2023,81,archery,26,0,0,26,137,19,914
2023,82,archery,10,0,0,10,41,24,243
2023,83,archery,7,0,0,7,13,52,108
2023,84,archery,22,4,0,27,110,24,1007
2023,85,archery,47,0,0,47,95,49,717
2023,851,archery,11,0,0,11,28,39,196
2023,86,archery,4,0,0,4,34,13,193
2023,861,archery,0,0,0,0,13,0,54
2023,87,archery,0,4,0,4,14,25,245
2023,88,archery,0,0,0,0,4,0,14
2023,89,archery,0,0,0,0,14,0,189
2023,90,archery,4,0,0,4,7,50,32
2023,91,archery,13,3,0,15,49,32,459
2023,92,archery,15,1,0,16,52,31,565
2023,93,archery,4,0,2,7,25,27,217
2023,94,archery,31,5,0,36,61,59,452
2023,95,archery,0,0,0,0,11,0,385
2023,951,archery,6,0,0,6,57,11,401
2023,96,archery,10,0,0,10,100,10,1153
2023,97,archery,0,0,0,0,7,0,29
2023,98,archery,13,0,0,13,38,35,362
2023,99,archery,12,0,0,12,48,24,806
2023,100,archery,0,0,0,0,7,0,74
2023,101,archery,5,0,0,5,46,11,348
2023,102,archery,12,0,0,12,35,34,296
2023,103,archery,7,2,4,13,62,22,459
2023,104,archery,91,12,0,103,330,31,3065
2023,105,archery,34,0,0,34,104,32,1104
2023,106,archery,4,0,0,4,19,19,89
2023,107,archery,5,2,0,6,18,33,81
2023,109,archery,7,0,0,7,61,11,461
2023,110,archery,20,6,0,26,102,25,1340
2023,111,archery,7,0,0,7,24,30,299
2023,112,archery,8,3,0,11,43,26,378
2023,113,archery,3,0,0,3,23,12,162
2023,114,archery,0,0,0,0,5,0,10
2023,115,archery,9,0,0,9,17,55,122
2023,116,archery,0,4,0,4,51,7,317
2023,117,archery,0,0,0,0,13,0,63
2023,118,archery,9,0,0,9,32,27,216
2023,119,archery,0,4,0,4,64,6,268
2023,120,archery,3,0,0,3,16,18,49
2023,121,archery,1,0,0,1,21,6,87
2023,122,archery,9,3,0,11,85,13,787
2023,123,archery,13,0,0,13,41,31,395
2023,124,archery,0,0,0,0,4,0,72
2023,125,archery,24,3,0,27,115,23,1348
2023,126,archery,0,3,3,6,35,18,530
2023,127,archery,0,6,0,6,81,8,531
2023,128,archery,25,0,0,25,65,39,562
2023,129,archery,13,6,0,19,73,26,933
2023,130,archery,6,0,0,6,36,15,440
2023,132,archery,0,0,0,0,53,0,290
2023,134,archery,3,8,0,11,35,32,548
2023,135,archery,3,0,0,3,25,13,216
2023,136,archery,8,0,0,8,29,29,172
2023,137,archery,0,0,0,0,5,0,19
2023,139,archery,11,0,0,11,35,32,688
2023,140,archery,17,0,0,17,53,33,388
2023,141,archery,3,0,0,3,9,29,41
2023,142,archery,10,2,0,12,31,38,223
2023,144,archery,5,0,0,5,10,50,62
2023,145,archery,8,6,0,14,22,63,154
2023,146,archery,11,0,0,11,84,12,1029
2023,147,archery,2,0,2,3,13,24,80
2023,2,muzzleloader,2,0,0,2,6,28,29
2023,201,muzzleloader,3,0,0,3,8,38,32
2023,3,muzzleloader,5,0,0,5,13,37,45
2023,301,muzzleloader,2,0,0,2,7,35,12
2023,4,muzzleloader,2,0,0,2,29,7,107
2023,441,muzzleloader,2,0,0,2,12,18,51
2023,5,muzzleloader,4,0,0,4,14,31,75
2023,6,muzzleloader,15,0,0,15,34,45,159
2023,7,muzzleloader,25,23,0,48,266,18,1368
2023,8,muzzleloader,13,16,0,28,286,10,1097
2023,9,muzzleloader,0,5,0,5,38,14,123
2023,10,muzzleloader,3,0,0,3,5,60,31
2023,11,muzzleloader,8,0,0,8,30,26,116
2023,211,muzzleloader,0,0,0,0,12,0,45
2023,12,muzzleloader,2,2,0,3,42,8,242
2023,13,muzzleloader,0,0,0,0,8,0,36
2023,131,muzzleloader,2,0,0,2,8,23,44
2023,231,muzzleloader,7,0,0,7,36,18,135
2023,14,muzzleloader,0,0,0,0,2,0,17
2023,214,muzzleloader,0,0,0,0,11,0,56
2023,15,muzzleloader,2,4,1,8,134,6,753
2023,16,muzzleloader,0,0,0,0,17,0,90
2023,161,muzzleloader,4,0,0,4,36,11,198
2023,17,muzzleloader,0,0,0,0,10,0,27
2023,18,muzzleloader,11,14,0,26,187,14,902
2023,181,muzzleloader,0,0,0,0,29,0,81
2023,19,muzzleloader,0,10,0,10,133,8,443
2023,191,muzzleloader,5,5,0,10,87,12,334
2023,20,muzzleloader,19,4,0,23,90,26,394
2023,21,muzzleloader,8,0,0,8,14,61,42
2023,22,muzzleloader,12,0,0,12,35,34,213
2023,23,muzzleloader,11,2,0,12,59,21,235
2023,24,muzzleloader,3,3,0,7,44,15,231
2023,25,muzzleloader,2,2,0,4,64,6,262
2023,26,muzzleloader,2,0,0,2,43,4,244
2023,27,muzzleloader,6,0,0,6,68,9,360
2023,28,muzzleloader,8,0,0,8,98,9,515
2023,29,muzzleloader,7,12,2,20,86,24,347
2023,30,muzzleloader,4,0,0,4,11,38,42
2023,31,muzzleloader,19,0,0,19,53,37,254
2023,32,muzzleloader,16,0,0,16,32,50,147
2023,33,muzzleloader,26,3,0,29,120,24,623
2023,34,muzzleloader,19,6,2,26,88,30,409
2023,35,muzzleloader,19,5,0,24,73,33,300
2023,36,muzzleloader,4,8,0,12,82,14,401
2023,361,muzzleloader,0,0,0,0,8,0,25
2023,37,muzzleloader,17,0,0,17,86,20,313
2023,371,muzzleloader,6,0,0,6,34,17,159
2023,38,muzzleloader,5,2,0,7,47,15,216
2023,39,muzzleloader,28,5,0,32,98,33,403
2023,391,muzzleloader,0,2,0,2,6,27,39
2023,40,muzzleloader,23,0,0,23,29,81,119
2023,41,muzzleloader,9,2,0,11,56,19,321
2023,411,muzzleloader,7,0,0,7,15,48,53
2023,42,muzzleloader,10,3,0,13,55,23,274
2023,421,muzzleloader,22,3,0,25,113,22,552
2023,43,muzzleloader,42,5,0,47,131,36,651
2023,44,muzzleloader,16,2,0,18,55,33,278
2023,444,muzzleloader,16,6,0,22,64,35,318
2023,45,muzzleloader,30,3,0,32,71,46,300
2023,46,muzzleloader,14,7,0,21,64,32,252
2023,461,muzzleloader,0,0,0,0,8,0,22
2023,47,muzzleloader,11,0,0,11,34,31,174
2023,471,muzzleloader,0,0,0,0,14,0,48
2023,48,muzzleloader,0,0,0,0,23,0,83
2023,481,muzzleloader,0,0,0,0,22,0,73
2023,49,muzzleloader,15,5,0,20,61,33,286
2023,50,muzzleloader,2,0,0,2,25,9,103
2023,500,muzzleloader,8,0,0,8,16,50,93
2023,501,muzzleloader,6,7,0,12,60,20,256
2023,51,muzzleloader,17,18,0,35,74,47,296
2023,511,muzzleloader,25,12,0,37,50,74,243
2023,52,muzzleloader,7,0,0,7,14,48,94
2023,521,muzzleloader,15,0,0,15,41,36,210
2023,53,muzzleloader,9,0,0,9,17,50,81
2023,54,muzzleloader,23,15,0,38,66,57,297
2023,55,muzzleloader,24,6,0,30,60,49,287
2023,551,muzzleloader,31,6,0,37,59,63,285
2023,56,muzzleloader,6,0,0,6,41,15,184
2023,561,muzzleloader,2,0,0,2,16,15,83
2023,57,muzzleloader,2,2,0,4,18,21,63
2023,58,muzzleloader,12,0,0,12,43,29,242
2023,581,muzzleloader,10,0,0,10,36,29,150
2023,59,muzzleloader,9,3,0,12,24,51,89
2023,591,muzzleloader,0,0,0,0,2,0,2
2023,60,muzzleloader,9,0,0,9,9,100,50
2023,61,muzzleloader,4,0,0,4,20,20,106
2023,62,muzzleloader,38,0,0,38,145,26,713
2023,63,muzzleloader,11,0,0,11,24,48,118
2023,64,muzzleloader,5,0,0,5,25,21,130
2023,65,muzzleloader,20,0,0,20,56,35,242
2023,66,muzzleloader,27,0,0,27,54,49,240
2023,67,muzzleloader,26,0,0,26,60,43,314
2023,68,muzzleloader,24,0,0,24,56,44,311
2023,681,muzzleloader,18,0,0,18,69,26,354
2023,69,muzzleloader,27,11,0,38,95,40,382
2023,691,muzzleloader,3,0,0,3,3,100,7
2023,70,muzzleloader,25,0,0,25,62,40,288
2023,71,muzzleloader,8,0,0,8,33,25,169
2023,711,muzzleloader,17,0,0,17,33,52,175
2023,72,muzzleloader,32,0,0,32,49,66,199
2023,73,muzzleloader,21,0,0,21,56,38,221
2023,74,muzzleloader,24,0,0,24,66,36,354
2023,741,muzzleloader,10,3,0,12,23,53,93
2023,75,muzzleloader,42,2,0,44,126,35,574
2023,751,muzzleloader,14,0,0,14,69,20,282
2023,76,muzzleloader,9,0,0,9,18,47,64
2023,77,muzzleloader,33,8,0,41,110,38,473
2023,771,muzzleloader,3,2,0,5,14,35,53
2023,78,muzzleloader,35,0,0,35,94,37,462
2023,79,muzzleloader,11,0,0,11,22,49,106
2023,791,muzzleloader,4,0,0,4,4,100,12
2023,80,muzzleloader,39,0,0,39,108,36,494
2023,81,muzzleloader,43,0,0,43,93,46,477
2023,82,muzzleloader,24,0,0,24,54,44,273
2023,83,muzzleloader,6,0,0,6,7,83,30
2023,84,muzzleloader,20,7,0,27,76,36,375
2023,85,muzzleloader,25,0,0,25,45,55,193
2023,851,muzzleloader,3,0,0,3,5,60,23
2023,86,muzzleloader,21,0,0,21,48,45,243
2023,861,muzzleloader,3,0,0,3,8,46,32
2023,87,muzzleloader,0,0,0,0,22,0,44
2023,88,muzzleloader,2,2,0,4,22,20,53
2023,89,muzzleloader,2,0,0,2,13,16,38
2023,90,muzzleloader,2,0,0,2,7,31,25
2023,91,muzzleloader,5,6,3,14,52,28,200
2023,92,muzzleloader,0,0,0,0,30,0,93
2023,93,muzzleloader,3,0,0,3,15,22,61
2023,94,muzzleloader,4,0,0,4,14,28,43
2023,95,muzzleloader,0,2,0,2,9,26,15
2023,951,muzzleloader,5,0,0,5,25,20,93
2023,96,muzzleloader,2,5,3,9,50,18,227
2023,97,muzzleloader,2,0,2,4,6,70,15
2023,98,muzzleloader,0,2,0,2,18,12,85
2023,99,muzzleloader,4,0,0,4,47,9,191
2023,100,muzzleloader,0,4,4,9,19,46,74
2023,101,muzzleloader,9,2,0,11,33,34,119
2023,102,muzzleloader,2,0,0,2,40,5,132
2023,103,muzzleloader,0,0,2,2,47,5,172
2023,104,muzzleloader,18,4,0,22,58,38,230
2023,105,muzzleloader,9,7,0,16,54,30,206
2023,106,muzzleloader,2,0,0,2,2,100,9
2023,107,muzzleloader,2,0,0,2,8,25,11
2023,109,muzzleloader,4,3,0,7,39,17,142
2023,110,muzzleloader,10,3,0,13,48,28,218
2023,111,muzzleloader,7,2,0,9,17,54,43
2023,112,muzzleloader,8,0,0,8,21,36,66
2023,113,muzzleloader,2,0,0,2,4,50,8
2023,114,muzzleloader,2,0,0,2,2,100,9
2023,115,muzzleloader,0,0,0,0,4,0,15
2023,116,muzzleloader,0,0,0,0,5,0,27
2023,117,muzzleloader,0,0,0,0,2,0,5
2023,118,muzzleloader,0,0,0,0,11,0,38
2023,119,muzzleloader,0,0,0,0,12,0,25
2023,120,muzzleloader,4,1,0,5,9,58,11
2023,121,muzzleloader,2,0,0,2,4,50,4
2023,122,muzzleloader,0,2,0,2,19,8,60
2023,124,muzzleloader,0,0,0,0,5,0,20
2023,125,muzzleloader,3,2,0,4,25,17,104
2023,126,muzzleloader,2,2,0,4,18,20,71
2023,127,muzzleloader,2,2,0,4,19,19,68
2023,128,muzzleloader,0,3,3,7,19,34,51
2023,129,muzzleloader,2,2,0,3,5,63,15
2023,130,muzzleloader,0,2,0,2,2,100,15
2023,132,muzzleloader,6,5,0,12,18,63,66
2023,134,muzzleloader,2,0,0,2,6,28,15
2023,135,muzzleloader,0,0,0,0,15,0,74
2023,137,muzzleloader,0,0,0,0,4,0,15
2023,138,muzzleloader,0,0,0,0,1,0,5
2023,139,muzzleloader,0,2,0,2,5,31,22
2023,140,muzzleloader,6,0,0,6,13,43,63
2023,141,muzzleloader,0,1,0,1,3,50,10
2023,142,muzzleloader,8,3,0,10,19,53,73
2023,143,muzzleloader,0,1,0,1,2,44,10
2023,144,muzzleloader,4,0,0,4,13,30,50
2023,145,muzzleloader,0,0,0,0,5,0,24
2023,146,muzzleloader,2,5,0,7,22,30,109
2023,147,muzzleloader,0,0,0,0,2,0,6
2023,161,whitetail,0,1,0,1,1,100,1
2023,171,whitetail,0,3,0,3,3,100,3
2023,48,whitetail,2,2,0,5,14,33,50
2023,511,whitetail,0,0,0,0,14,0,106
2023,56,whitetail,0,0,0,0,2,0,5
2023,58,whitetail,0,0,0,0,5,0,7
2023,581,whitetail,0,0,0,0,7,0,12
2023,59,whitetail,0,0,2,2,38,6,168
2023,591,whitetail,0,5,0,5,55,9,226
2023,69,whitetail,12,10,0,22,36,60,163
2023,691,whitetail,0,0,0,0,2,0,2
2023,84,whitetail,10,17,2,29,196,15,945
2023,85,whitetail,2,7,0,10,60,16,397
2023,851,whitetail,2,2,0,5,24,20,322
2023,86,whitetail,0,0,0,0,10,0,43
2023,861,whitetail,2,0,0,2,5,50,10
2023,103,whitetail,0,24,23,46,83,56,287
2023,104,whitetail,3,6,0,8,49,17,158
2023,105,whitetail,7,11,0,18,80,22,204
2023,106,whitetail,2,0,0,2,6,38,16
2023,107,whitetail,10,16,0,27,122,22,346
2023,109,whitetail,15,12,0,26,194,14,738
2023,110,whitetail,2,7,0,9,51,18,261
2023,111,whitetail,2,4,0,6,40,15,307
2023,112,whitetail,3,3,0,6,53,12,268
2023,113,whitetail,0,0,0,0,29,0,63
2023,114,whitetail,0,2,0,2,7,34,21
2023,115,whitetail,0,3,0,3,13,27,39
2023,116,whitetail,12,12,2,26,99,26,284
2023,117,whitetail,0,4,0,4,29,13,79
2023,118,whitetail,5,0,0,5,23,22,156
2023,119,whitetail,2,15,4,21,90,24,246
2023,120,whitetail,0,2,0,2,28,8,79
2023,121,whitetail,0,2,0,2,8,30,17
2023,122,whitetail,13,3,0,16,55,29,212
2023,123,whitetail,11,0,0,11,36,30,355
2023,124,whitetail,0,0,0,0,7,0,29
2023,125,whitetail,13,11,0,24,104,23,620
2023,126,whitetail,22,16,3,42,91,46,604
2023,127,whitetail,16,17,0,33,135,25,625
2023,128,whitetail,8,14,1,23,51,45,225
2023,129,whitetail,25,21,0,46,93,49,715
2023,130,whitetail,2,2,0,4,13,32,71
2023,132,whitetail,8,8,0,16,78,20,354
2023,133,whitetail,0,0,0,0,2,0,17
2023,134,whitetail,10,19,0,28,60,48,286
2023,135,whitetail,3,2,2,8,20,38,137
2023,136,whitetail,4,1,1,7,27,26,122
2023,137,whitetail,0,0,0,0,4,0,22
2023,138,whitetail,0,1,0,1,1,100,1
2023,139,whitetail,23,3,1,28,103,27,645
2023,140,whitetail,0,0,0,0,3,0,16
2023,141,whitetail,5,1,0,6,14,45,55
2023,143,whitetail,0,0,0,0,5,0,25
2023,144,whitetail,2,1,0,4,19,19,49
2023,145,whitetail,0,0,0,0,10,0,37
2023,146,whitetail,3,7,0,10,67,15,429
2023,147,whitetail,4,2,0,6,18,33,65
2023,104,whitetail,0,4,0,4,7,50,18
2023,105,whitetail,1,0,0,1,1,100,1
2023,107,whitetail,0,0,0,0,3,0,9
2023,109,whitetail,3,0,0,3,31,10,201
2023,110,whitetail,0,6,0,6,28,21,165
2023,111,whitetail,0,0,0,0,13,0,208
2023,112,whitetail,0,3,0,3,21,14,179
2023,113,whitetail,0,0,0,0,10,0,16
2023,114,whitetail,0,0,0,0,2,0,4
2023,115,whitetail,0,0,0,0,2,0,2
2023,116,whitetail,0,0,0,0,4,0,16
2023,118,whitetail,5,0,0,5,21,24,154
2023,119,whitetail,0,4,0,4,53,7,138
2023,120,whitetail,0,0,0,0,7,0,16
2023,121,whitetail,0,0,0,0,2,0,2
2023,122,whitetail,4,0,0,4,20,18,112
2023,123,whitetail,11,0,0,11,36,30,355
2023,125,whitetail,7,3,0,10,43,24,319
2023,126,whitetail,0,3,3,6,13,46,285
2023,127,whitetail,0,6,0,6,53,12,393
2023,128,whitetail,3,0,0,3,17,20,122
2023,129,whitetail,7,6,0,13,40,33,512
2023,130,whitetail,0,0,0,0,3,0,31
2023,132,whitetail,0,0,0,0,37,0,206
2023,134,whitetail,3,3,0,7,27,25,195
2023,135,whitetail,3,0,0,3,3,100,83
2023,136,whitetail,4,0,0,4,13,31,78
2023,139,whitetail,0,0,0,0,13,0,237
2023,141,whitetail,0,0,0,0,6,0,30
2023,146,whitetail,0,0,0,0,33,0,259
2023,105,whitetail,0,0,0,0,3,0,6
2023,107,whitetail,0,0,0,0,2,0,2
2023,109,whitetail,0,3,0,3,17,18,61
2023,110,whitetail,0,2,0,2,9,17,31
2023,111,whitetail,0,2,0,2,8,27,25
2023,112,whitetail,0,0,0,0,2,0,4
2023,118,whitetail,0,0,0,0,2,0,2
2023,119,whitetail,0,0,0,0,9,0,16
2023,122,whitetail,0,2,0,2,11,14,32
2023,125,whitetail,1,2,0,3,16,17,83
2023,126,whitetail,0,0,0,0,5,0,26
2023,127,whitetail,2,2,0,4,16,23,62
2023,128,whitetail,0,3,1,5,9,50,25
2023,129,whitetail,0,2,0,2,3,46,10
2023,130,whitetail,0,2,0,2,2,100,15
2023,132,whitetail,0,5,0,5,7,74,24
2023,134,whitetail,2,0,0,2,6,28,15
2023,135,whitetail,0,0,0,0,4,0,13
2023,139,whitetail,0,2,0,2,3,46,16
2023,141,whitetail,0,1,0,1,3,50,10
2023,145,whitetail,0,0,0,0,2,0,8
2023,146,whitetail,0,5,0,5,12,43,76
2023,161,whitetail,0,1,0,1,1,100,1
2023,171,whitetail,0,3,0,3,3,100,3
2023,48,whitetail,2,2,0,5,14,33,50
2023,511,whitetail,0,0,0,0,14,0,106
2023,56,whitetail,0,0,0,0,2,0,5
2023,58,whitetail,0,0,0,0,5,0,7
2023,581,whitetail,0,0,0,0,7,0,12
2023,59,whitetail,0,0,2,2,38,6,168
2023,591,whitetail,0,5,0,5,55,9,226
2023,69,whitetail,12,10,0,22,36,60,163
2023,691,whitetail,0,0,0,0,2,0,2
2023,84,whitetail,10,17,2,29,196,15,945
2023,85,whitetail,2,7,0,10,60,16,397
2023,851,whitetail,2,2,0,5,24,20,322
2023,86,whitetail,0,0,0,0,10,0,43
2023,861,whitetail,2,0,0,2,5,50,10
2023,103,whitetail,0,22,18,40,65,61,221
2023,104,whitetail,0,2,0,2,36,6,118
2023,105,whitetail,6,11,0,17,76,22,197
2023,106,whitetail,2,0,0,2,6,38,16
2023,107,whitetail,10,16,0,27,117,23,335
2023,109,whitetail,11,9,0,20,145,14,476
2023,110,whitetail,2,0,0,2,14,13,64
2023,111,whitetail,2,2,0,4,19,21,73
2023,112,whitetail,3,0,0,3,30,11,86
2023,113,whitetail,0,0,0,0,20,0,47
2023,114,whitetail,0,2,0,2,5,50,17
2023,115,whitetail,0,3,0,3,11,32,36
2023,116,whitetail,12,12,2,26,95,27,268
2023,117,whitetail,0,4,0,4,29,13,79
2023,119,whitetail,2,11,4,18,28,63,92
2023,120,whitetail,0,2,0,2,21,11,63
2023,121,whitetail,0,2,0,2,6,41,15
2023,122,whitetail,9,2,0,11,25,44,67
2023,124,whitetail,0,0,0,0,7,0,29
2023,125,whitetail,4,7,0,11,45,24,218
2023,126,whitetail,22,13,0,36,72,50,293
2023,127,whitetail,14,9,0,24,67,35,170
2023,128,whitetail,5,10,0,15,26,60,77
2023,129,whitetail,18,13,0,31,49,63,192
2023,130,whitetail,2,0,0,2,8,29,26
2023,132,whitetail,8,2,0,11,34,31,124
2023,133,whitetail,0,0,0,0,2,0,17
2023,134,whitetail,5,15,0,20,27,74,76
2023,135,whitetail,0,2,2,5,13,35,42
2023,136,whitetail,0,1,1,3,14,20,44
2023,137,whitetail,0,0,0,0,4,0,22
2023,138,whitetail,0,1,0,1,1,100,1
2023,139,whitetail,23,1,1,26,86,30,391
2023,140,whitetail,0,0,0,0,3,0,16
2023,141,whitetail,5,0,0,5,5,100,15
2023,143,whitetail,0,0,0,0,5,0,25
2023,144,whitetail,2,1,0,4,19,19,49
2023,145,whitetail,0,0,0,0,9,0,30
2023,146,whitetail,3,2,0,5,22,23,93
2023,147,whitetail,4,2,0,6,18,33,65
2023,91,season_choice,0,22,4,26,73,35,536
2023,92,season_choice,0,22,2,24,71,33,573
2023,96,season_choice,0,54,2,56,163,35,1409
2023,33,rifle_2nd,0,7,0,7,44,17,355
2023,41,rifle_2nd,0,6,0,6,23,27,113
2023,56,rifle_2nd,0,5,0,5,13,43,95
2023,57,rifle_2nd,0,0,0,0,2,0,2
2023,581,rifle_2nd,0,10,0,10,23,43,181
2023,69,rifle_2nd,0,10,0,10,29,33,87
2023,85,rifle_2nd,0,51,0,51,86,59,660
2023,104,rifle_2nd,0,188,0,188,328,57,3293
2023,29,rifle_2nd,0,0,0,0,2,0,4
2023,38,rifle_2nd,2,3,0,5,12,42,29
2023,40,rifle_2nd,0,0,0,0,5,0,10
2023,41,rifle_2nd,0,8,0,8,10,80,25
2023,411,rifle_2nd,0,3,0,3,8,38,21
2023,421,rifle_2nd,1,0,0,1,1,100,1
2023,43,rifle_2nd,1,0,0,1,1,100,5
2023,44,rifle_2nd,1,0,0,1,2,50,26
2023,511,rifle_2nd,0,2,0,2,5,40,6
2023,512,rifle_2nd,15,7,0,22,25,87,32
2023,551,rifle_2nd,1,0,0,1,1,100,2
2023,57,rifle_2nd,0,1,0,1,1,100,2
2023,581,rifle_2nd,0,16,0,16,17,94,65
2023,62,rifle_2nd,1,21,1,23,39,59,298
2023,64,rifle_2nd,0,5,0,5,7,71,55
2023,65,rifle_2nd,0,3,0,3,5,60,42
2023,68,rifle_2nd,0,6,0,6,11,55,14
2023,681,rifle_2nd,0,1,0,1,2,50,5
2023,69,rifle_2nd,0,35,0,35,39,90,78
2023,72,rifle_2nd,5,1,0,6,6,100,6
2023,741,rifle_2nd,0,0,0,0,4,0,4
2023,75,rifle_2nd,0,4,0,4,6,67,32
2023,771,rifle_2nd,0,9,0,9,10,90,28
2023,79,rifle_2nd,0,8,0,8,15,53,33
2023,80,rifle_2nd,0,2,0,2,2,100,4
2023,81,rifle_2nd,0,28,1,29,35,83,97
2023,82,rifle_2nd,0,2,1,3,6,50,16
2023,83,rifle_2nd,0,6,0,6,6,100,12
2023,84,rifle_2nd,0,56,0,56,59,95,127
2023,85,rifle_2nd,0,6,0,6,6,100,8
2023,86,rifle_2nd,0,4,0,4,4,100,9
2023,91,rifle_2nd,0,6,0,6,6,100,12
2023,95,rifle_2nd,0,5,0,5,5,100,8
2023,96,rifle_2nd,0,4,0,4,4,100,10
2023,99,rifle_2nd,0,4,0,4,6,67,15
2023,102,rifle_2nd,1,0,0,1,1,100,3
2023,103,rifle_2nd,1,1,0,2,2,100,2
2023,104,rifle_2nd,2,5,0,7,7,100,10
2023,105,rifle_2nd,0,11,0,11,14,79,35
2023,107,rifle_2nd,0,0,0,0,5,0,15
2023,109,rifle_2nd,0,2,2,4,6,67,18
2023,116,rifle_2nd,0,3,0,3,5,60,8
2023,125,rifle_2nd,0,2,0,2,11,18,14
2023,128,rifle_2nd,0,0,0,0,2,0,12
2023,129,rifle_2nd,0,0,0,0,1,0,2
2023,133,rifle_2nd,0,2,0,2,2,100,3
2023,135,rifle_2nd,0,6,0,6,13,46,19
2023,4,rifle_4th_pct,3,17,29,58,0,0,0
2023,5,rifle_4th_pct,301,4,12,34,0,0,0
2023,6,rifle_4th_pct,4,13,20,67,6,9,67
2023,7,rifle_4th_pct,441,2,2,100,0,0,0
2023,8,rifle_4th_pct,5,6,10,58,0,0,0
2023,9,rifle_4th_pct,6,17,17,100,0,0,0
2023,10,rifle_4th_pct,7,8,78,10,0,0,0
2023,11,rifle_4th_pct,8,10,68,14,0,0,0
2023,14,rifle_4th_pct,11,5,8,60,5,7,67
2023,15,rifle_4th_pct,211,7,16,44,0,10,0
2023,16,rifle_4th_pct,12,6,6,100,0,0,0
2023,17,rifle_4th_pct,13,6,9,68,0,0,0
2023,22,rifle_4th_pct,15,21,39,55,0,0,0
2023,24,rifle_4th_pct,161,2,4,50,0,0,0
2023,25,rifle_4th_pct,17,0,4,0,0,0,0
2023,26,rifle_4th_pct,171,0,2,0,0,0,0
2023,27,rifle_4th_pct,18,18,53,34,0,0,0
2023,28,rifle_4th_pct,181,4,28,13,0,0,0
2023,29,rifle_4th_pct,19,34,98,35,0,0,0
2023,30,rifle_4th_pct,191,91,186,49,0,0,0
2023,31,rifle_4th_pct,20,95,208,45,4,7,67
2023,33,rifle_4th_pct,22,12,14,87,0,0,0
2023,34,rifle_4th_pct,23,3,11,31,0,0,0
2023,35,rifle_4th_pct,24,0,1,0,0,0,0
2023,36,rifle_4th_pct,25,16,40,40,0,0,0
2023,37,rifle_4th_pct,26,16,24,67,0,0,0
2023,38,rifle_4th_pct,27,4,29,15,0,0,0
2023,39,rifle_4th_pct,28,11,54,21,0,0,0
2023,40,rifle_4th_pct,29,23,110,21,12,33,35
2023,41,rifle_4th_pct,30,6,15,37,0,0,0
2023,42,rifle_4th_pct,31,12,12,100,0,0,0
2023,44,rifle_4th_pct,33,7,27,25,0,0,0
2023,45,rifle_4th_pct,34,14,48,29,0,0,0
2023,46,rifle_4th_pct,35,0,10,0,0,0,0
2023,47,rifle_4th_pct,36,3,19,13,0,0,0
2023,49,rifle_4th_pct,37,19,50,37,0,0,0
2023,50,rifle_4th_pct,371,0,7,0,0,0,0
2023,51,rifle_4th_pct,38,45,134,34,2,35,7
2023,52,rifle_4th_pct,39,15,51,29,2,20,9
2023,53,rifle_4th_pct,391,6,6,100,0,0,0
2023,54,rifle_4th_pct,40,8,10,83,0,0,0
2023,56,rifle_4th_pct,411,6,8,78,0,0,0
2023,59,rifle_4th_pct,43,6,20,28,0,0,0
2023,60,rifle_4th_pct,44,12,16,78,0,0,0
2023,61,rifle_4th_pct,444,20,30,67,0,0,0
2023,63,rifle_4th_pct,46,15,56,27,4,13,29
2023,64,rifle_4th_pct,461,5,5,100,0,0,0
2023,72,rifle_4th_pct,501,26,26,100,0,0,0
2023,73,rifle_4th_pct,51,37,51,72,0,0,0
2023,74,rifle_4th_pct,511,21,34,62,0,0,0
2023,76,rifle_4th_pct,52,7,21,33,0,0,0
2023,77,rifle_4th_pct,521,5,8,67,0,0,0
2023,78,rifle_4th_pct,53,4,10,37,0,0,0
2023,79,rifle_4th_pct,54,11,15,71,0,0,0
2023,80,rifle_4th_pct,55,18,23,79,0,0,0
2023,81,rifle_4th_pct,551,13,15,89,0,0,0
2023,89,rifle_4th_pct,60,2,5,40,0,0,0
2023,92,rifle_4th_pct,63,8,10,83,0,0,0
2023,93,rifle_4th_pct,64,4,4,100,0,0,0
2023,94,rifle_4th_pct,65,12,16,78,0,0,0
2023,95,rifle_4th_pct,66,17,22,79,0,0,0
2023,96,rifle_4th_pct,67,21,25,84,0,0,0
2023,97,rifle_4th_pct,68,5,12,39,0,0,0
2023,98,rifle_4th_pct,681,8,10,73,0,0,0
2023,100,rifle_4th_pct,69,15,21,74,0,0,0
2023,102,rifle_4th_pct,70,43,55,77,0,0,0
2023,103,rifle_4th_pct,71,0,9,0,0,0,0
2023,104,rifle_4th_pct,711,32,40,80,0,0,0
2023,105,rifle_4th_pct,72,37,48,76,0,0,0
2023,106,rifle_4th_pct,73,4,22,18,0,0,0
2023,107,rifle_4th_pct,74,5,10,50,0,0,0
2023,108,rifle_4th_pct,741,10,15,67,0,0,0
2023,109,rifle_4th_pct,75,8,16,54,1,3,50
2023,110,rifle_4th_pct,751,26,43,61,7,13,56
2023,112,rifle_4th_pct,77,15,31,49,0,10,0
2023,113,rifle_4th_pct,771,37,47,78,5,5,100
2023,114,rifle_4th_pct,78,19,29,65,5,5,100
2023,115,rifle_4th_pct,79,7,9,80,0,0,0
2023,117,rifle_4th_pct,80,21,31,66,0,0,0
2023,118,rifle_4th_pct,81,17,23,75,0,0,0
2023,119,rifle_4th_pct,82,19,27,71,0,0,0
2023,120,rifle_4th_pct,83,8,13,63,0,0,0
2023,121,rifle_4th_pct,84,20,25,82,0,0,0
2023,124,rifle_4th_pct,86,5,7,65,0,0,0
